0.671010E-01	0.686571E+02	0.103733E+02
0.698361E-01	0.699637E+02	0.819834E+01
0.725712E-01	0.678366E+02	0.712769E+01
0.753062E-01	0.663771E+02	0.617305E+01
0.780413E-01	0.686328E+02	0.548976E+01
0.807764E-01	0.707572E+02	0.492812E+01
0.835115E-01	0.691764E+02	0.444579E+01
0.862466E-01	0.701146E+02	0.395634E+01
0.889817E-01	0.684385E+02	0.352331E+01
0.917168E-01	0.670969E+02	0.322502E+01
0.944518E-01	0.681560E+02	0.294350E+01
0.971869E-01	0.663385E+02	0.264273E+01
0.999220E-01	0.684933E+02	0.243997E+01
0.102657E+00	0.659958E+02	0.222590E+01
0.105392E+00	0.663129E+02	0.202099E+01
0.108127E+00	0.683949E+02	0.187613E+01
0.110862E+00	0.694868E+02	0.171925E+01
0.113597E+00	0.683645E+02	0.161108E+01
0.116333E+00	0.686524E+02	0.151327E+01
0.119068E+00	0.668786E+02	0.136348E+01
0.121803E+00	0.683589E+02	0.130872E+01
0.124538E+00	0.670512E+02	0.120263E+01
0.127273E+00	0.665194E+02	0.114764E+01
0.130008E+00	0.660445E+02	0.107925E+01
0.132743E+00	0.662957E+02	0.995290E+00
0.135478E+00	0.655404E+02	0.979372E+00
0.138213E+00	0.650773E+02	0.902008E+00
0.140948E+00	0.654415E+02	0.865862E+00
0.143683E+00	0.660504E+02	0.831487E+00
0.146418E+00	0.653436E+02	0.784352E+00
0.149154E+00	0.653401E+02	0.778898E+00
0.151889E+00	0.653105E+02	0.727020E+00
0.154624E+00	0.651020E+02	0.690512E+00
0.157359E+00	0.642515E+02	0.668686E+00
0.160094E+00	0.648611E+02	0.647038E+00
0.162829E+00	0.650545E+02	0.646115E+00
0.165564E+00	0.640977E+02	0.596762E+00
0.168299E+00	0.646422E+02	0.590363E+00
0.171034E+00	0.634999E+02	0.569749E+00
0.173769E+00	0.639148E+02	0.555496E+00
0.176504E+00	0.641595E+02	0.543802E+00
0.179240E+00	0.643358E+02	0.507459E+00
0.181975E+00	0.640183E+02	0.511973E+00
0.184710E+00	0.643944E+02	0.491884E+00
0.187445E+00	0.635632E+02	0.485702E+00
0.190180E+00	0.634750E+02	0.467234E+00
0.192915E+00	0.635164E+02	0.463926E+00
0.195650E+00	0.633009E+02	0.465114E+00
0.198385E+00	0.627572E+02	0.446396E+00
0.201120E+00	0.634179E+02	0.441127E+00
0.203855E+00	0.629166E+02	0.436688E+00
0.206590E+00	0.621340E+02	0.423841E+00
0.209325E+00	0.621505E+02	0.429613E+00
0.212061E+00	0.619865E+02	0.416348E+00
0.214796E+00	0.625067E+02	0.415311E+00
0.217531E+00	0.616879E+02	0.408265E+00
0.220266E+00	0.610807E+02	0.404487E+00
0.223001E+00	0.617203E+02	0.399142E+00
0.225736E+00	0.615562E+02	0.396201E+00
0.228471E+00	0.611421E+02	0.393383E+00
0.231206E+00	0.615604E+02	0.389603E+00
0.233941E+00	0.612635E+02	0.390171E+00
0.236676E+00	0.610266E+02	0.379833E+00
0.239411E+00	0.604681E+02	0.382814E+00
0.242146E+00	0.602716E+02	0.381145E+00
0.244882E+00	0.596497E+02	0.372795E+00
0.247617E+00	0.601845E+02	0.375941E+00
0.250352E+00	0.597560E+02	0.370073E+00
0.253087E+00	0.600942E+02	0.374259E+00
0.255822E+00	0.592246E+02	0.365993E+00
0.258557E+00	0.588540E+02	0.362178E+00
0.261292E+00	0.587705E+02	0.364204E+00
0.264027E+00	0.583414E+02	0.360077E+00
0.266762E+00	0.584358E+02	0.361273E+00
0.269497E+00	0.582352E+02	0.354236E+00
0.272232E+00	0.579093E+02	0.352942E+00
0.274968E+00	0.575658E+02	0.355115E+00
0.277703E+00	0.576688E+02	0.350907E+00
0.280438E+00	0.575340E+02	0.354197E+00
0.283173E+00	0.568232E+02	0.339217E+00
0.285908E+00	0.568678E+02	0.344629E+00
0.288643E+00	0.561794E+02	0.342307E+00
0.291378E+00	0.564271E+02	0.335855E+00
0.294113E+00	0.558684E+02	0.339468E+00
0.296848E+00	0.554369E+02	0.331621E+00
0.299583E+00	0.552755E+02	0.336779E+00
0.302318E+00	0.553720E+02	0.335157E+00
0.305053E+00	0.550129E+02	0.329241E+00
0.307789E+00	0.548416E+02	0.333174E+00
0.310524E+00	0.542981E+02	0.325409E+00
0.313259E+00	0.541956E+02	0.329317E+00
0.315994E+00	0.537212E+02	0.323880E+00
0.318729E+00	0.534585E+02	0.320437E+00
0.321464E+00	0.534987E+02	0.328004E+00
0.324199E+00	0.527287E+02	0.316950E+00
0.326934E+00	0.528524E+02	0.320824E+00
0.329669E+00	0.523897E+02	0.316467E+00
0.332404E+00	0.519787E+02	0.312570E+00
0.335139E+00	0.520428E+02	0.318196E+00
0.337875E+00	0.512364E+02	0.311183E+00
0.340610E+00	0.513075E+02	0.309507E+00
0.343345E+00	0.509314E+02	0.309461E+00
0.346080E+00	0.508231E+02	0.307419E+00
0.348815E+00	0.506704E+02	0.307847E+00
0.351550E+00	0.503615E+02	0.304263E+00
0.354285E+00	0.495863E+02	0.302388E+00
0.357020E+00	0.495479E+02	0.301303E+00
0.359755E+00	0.491691E+02	0.299540E+00
0.362490E+00	0.492616E+02	0.297699E+00
0.365225E+00	0.486192E+02	0.295763E+00
0.367960E+00	0.485790E+02	0.297239E+00
0.370696E+00	0.481455E+02	0.294681E+00
0.373431E+00	0.476616E+02	0.291365E+00
0.376166E+00	0.474129E+02	0.286581E+00
0.378901E+00	0.471298E+02	0.289545E+00
0.381636E+00	0.467451E+02	0.285420E+00
0.384371E+00	0.465230E+02	0.286746E+00
0.387106E+00	0.463785E+02	0.283221E+00
0.389841E+00	0.461217E+02	0.280683E+00
0.392576E+00	0.457181E+02	0.282360E+00
0.395311E+00	0.452799E+02	0.276486E+00
0.398046E+00	0.450670E+02	0.276473E+00
0.400781E+00	0.450920E+02	0.276997E+00
0.403517E+00	0.446212E+02	0.272499E+00
0.406252E+00	0.440850E+02	0.275837E+00
0.408987E+00	0.441867E+02	0.268925E+00
0.411722E+00	0.437720E+02	0.268952E+00
0.414457E+00	0.434101E+02	0.268257E+00
0.417192E+00	0.432554E+02	0.265631E+00
0.419927E+00	0.425463E+02	0.265542E+00
0.422662E+00	0.422402E+02	0.260813E+00
0.425397E+00	0.421547E+02	0.262738E+00
0.428132E+00	0.414774E+02	0.258950E+00
0.430867E+00	0.413121E+02	0.255827E+00
0.433603E+00	0.410184E+02	0.256230E+00
0.436338E+00	0.408176E+02	0.253231E+00
0.439073E+00	0.405364E+02	0.256179E+00
0.441808E+00	0.401059E+02	0.250210E+00
0.444543E+00	0.398192E+02	0.247198E+00
0.447278E+00	0.395749E+02	0.250583E+00
0.450013E+00	0.390714E+02	0.244784E+00
0.452748E+00	0.391419E+02	0.247675E+00
0.455483E+00	0.383887E+02	0.241940E+00
0.458218E+00	0.382125E+02	0.240956E+00
0.460953E+00	0.378358E+02	0.240766E+00
0.463688E+00	0.374507E+02	0.238757E+00
0.466424E+00	0.373675E+02	0.237233E+00
0.469159E+00	0.373296E+02	0.236262E+00
0.471894E+00	0.366679E+02	0.234778E+00
0.474629E+00	0.361589E+02	0.232352E+00
0.477364E+00	0.361046E+02	0.232009E+00
0.480099E+00	0.358619E+02	0.229540E+00
0.482834E+00	0.359196E+02	0.229527E+00
0.485569E+00	0.354002E+02	0.228052E+00
0.488304E+00	0.350307E+02	0.226656E+00
0.491039E+00	0.346372E+02	0.221597E+00
0.493774E+00	0.344536E+02	0.222348E+00
0.496509E+00	0.341919E+02	0.222040E+00
0.499245E+00	0.338324E+02	0.220772E+00
0.501980E+00	0.337632E+02	0.218212E+00
0.504715E+00	0.332577E+02	0.217933E+00
0.507450E+00	0.334339E+02	0.217320E+00
0.510185E+00	0.329493E+02	0.215992E+00
0.512920E+00	0.323142E+02	0.212361E+00
0.515655E+00	0.322652E+02	0.211226E+00
0.518390E+00	0.320033E+02	0.211432E+00
0.521125E+00	0.314679E+02	0.210115E+00
0.523860E+00	0.312168E+02	0.208882E+00
0.526595E+00	0.312373E+02	0.206750E+00
0.529331E+00	0.309399E+02	0.205056E+00
0.532066E+00	0.306624E+02	0.204615E+00
0.534801E+00	0.305667E+02	0.204375E+00
0.537536E+00	0.303844E+02	0.202683E+00
0.540271E+00	0.299692E+02	0.199940E+00
0.543006E+00	0.294029E+02	0.198731E+00
0.545741E+00	0.291696E+02	0.198254E+00
0.548476E+00	0.290061E+02	0.195336E+00
0.551211E+00	0.287956E+02	0.196536E+00
0.553946E+00	0.286503E+02	0.193165E+00
0.556681E+00	0.281625E+02	0.194584E+00
0.559416E+00	0.279422E+02	0.190427E+00
0.562152E+00	0.276433E+02	0.188715E+00
0.564887E+00	0.275332E+02	0.191370E+00
0.567622E+00	0.275569E+02	0.187797E+00
0.570357E+00	0.270960E+02	0.188556E+00
0.573092E+00	0.265472E+02	0.184615E+00
0.575827E+00	0.257143E+02	0.179149E+00
0.578562E+00	0.264667E+02	0.184514E+00
0.581297E+00	0.251555E+02	0.176760E+00
0.584032E+00	0.261534E+02	0.186021E+00
0.586767E+00	0.253776E+02	0.177822E+00
0.589502E+00	0.251476E+02	0.178851E+00
0.592238E+00	0.249849E+02	0.179153E+00
0.594973E+00	0.249026E+02	0.174342E+00
0.597708E+00	0.247911E+02	0.177097E+00
0.600443E+00	0.241792E+02	0.173466E+00
0.603178E+00	0.244509E+02	0.175816E+00
0.605913E+00	0.239283E+02	0.173543E+00
0.608648E+00	0.240474E+02	0.174044E+00
0.611383E+00	0.237021E+02	0.173477E+00
0.614118E+00	0.232712E+02	0.170867E+00
0.616853E+00	0.227528E+02	0.166509E+00
0.619588E+00	0.222323E+02	0.163919E+00
0.622323E+00	0.231754E+02	0.169897E+00
0.625059E+00	0.224818E+02	0.168327E+00
0.627794E+00	0.211768E+02	0.155267E+00
0.630529E+00	0.215992E+02	0.161222E+00
0.633264E+00	0.220544E+02	0.164381E+00
0.635999E+00	0.214902E+02	0.162060E+00
0.638734E+00	0.211532E+02	0.161777E+00
0.641469E+00	0.211351E+02	0.157925E+00
0.644204E+00	0.203380E+02	0.153913E+00
0.646939E+00	0.204411E+02	0.156185E+00
0.649674E+00	0.206336E+02	0.159800E+00
0.652409E+00	0.194163E+02	0.150165E+00
0.655144E+00	0.201908E+02	0.155636E+00
0.657880E+00	0.196382E+02	0.153981E+00
0.660615E+00	0.196455E+02	0.153036E+00
0.663350E+00	0.193905E+02	0.151980E+00
0.666085E+00	0.191639E+02	0.149468E+00
0.668820E+00	0.188872E+02	0.149600E+00
0.671555E+00	0.190159E+02	0.152194E+00
0.674290E+00	0.185343E+02	0.147853E+00
0.677025E+00	0.183349E+02	0.146465E+00
0.679760E+00	0.186434E+02	0.146507E+00
0.682495E+00	0.181929E+02	0.147829E+00
0.685230E+00	0.178193E+02	0.144316E+00
0.687966E+00	0.182837E+02	0.146902E+00
0.690701E+00	0.172949E+02	0.142870E+00
0.693436E+00	0.173242E+02	0.141456E+00
0.696171E+00	0.176322E+02	0.144371E+00
0.698906E+00	0.174209E+02	0.144121E+00
0.701641E+00	0.166696E+02	0.139667E+00
0.704376E+00	0.169553E+02	0.142541E+00
0.707111E+00	0.164378E+02	0.137238E+00
0.709846E+00	0.162290E+02	0.137954E+00
0.712581E+00	0.162803E+02	0.137630E+00
0.715316E+00	0.160699E+02	0.135953E+00
0.718051E+00	0.150478E+02	0.129611E+00
0.720787E+00	0.159377E+02	0.136275E+00
0.723522E+00	0.154230E+02	0.133308E+00
0.726257E+00	0.151906E+02	0.132099E+00
0.728992E+00	0.149563E+02	0.129817E+00
0.731727E+00	0.152191E+02	0.132235E+00
0.734462E+00	0.148005E+02	0.129643E+00
0.737197E+00	0.145471E+02	0.130450E+00
0.739932E+00	0.142182E+02	0.127191E+00
0.742667E+00	0.143776E+02	0.129790E+00
0.745402E+00	0.141043E+02	0.127322E+00
0.748137E+00	0.140321E+02	0.126785E+00
0.750872E+00	0.137187E+02	0.126204E+00
0.753608E+00	0.135982E+02	0.124813E+00
0.756343E+00	0.136649E+02	0.125330E+00
0.759078E+00	0.137777E+02	0.127228E+00
0.761813E+00	0.137139E+02	0.127466E+00
0.764548E+00	0.130728E+02	0.122584E+00
0.767283E+00	0.131986E+02	0.122899E+00
0.770018E+00	0.128636E+02	0.122093E+00
0.772753E+00	0.125816E+02	0.120736E+00
0.775488E+00	0.124444E+02	0.119087E+00
0.778223E+00	0.123740E+02	0.119206E+00
0.780958E+00	0.124472E+02	0.119911E+00
0.783694E+00	0.120668E+02	0.117595E+00
0.786429E+00	0.116942E+02	0.115577E+00
0.789164E+00	0.116250E+02	0.116345E+00
0.791899E+00	0.117966E+02	0.115639E+00
0.794634E+00	0.118916E+02	0.118850E+00
0.797369E+00	0.112368E+02	0.113308E+00
0.800104E+00	0.113223E+02	0.114067E+00
0.802839E+00	0.110812E+02	0.114258E+00
0.805574E+00	0.108059E+02	0.112801E+00
0.808309E+00	0.108029E+02	0.113633E+00
0.811044E+00	0.108511E+02	0.115866E+00
0.813779E+00	0.107018E+02	0.113362E+00
0.816515E+00	0.105507E+02	0.112674E+00
0.819250E+00	0.105924E+02	0.114449E+00
0.821985E+00	0.105437E+02	0.115339E+00
0.824720E+00	0.103308E+02	0.114588E+00
0.827455E+00	0.982043E+01	0.110013E+00
0.830190E+00	0.987310E+01	0.110985E+00
0.832925E+00	0.974881E+01	0.110965E+00
0.835660E+00	0.951703E+01	0.110199E+00
0.838395E+00	0.957145E+01	0.109659E+00
0.841130E+00	0.937395E+01	0.110306E+00
0.843865E+00	0.918510E+01	0.108673E+00
0.846601E+00	0.938792E+01	0.110127E+00
0.849336E+00	0.955816E+01	0.113935E+00
0.852071E+00	0.911315E+01	0.108274E+00
0.854806E+00	0.917391E+01	0.112906E+00
0.857541E+00	0.879459E+01	0.108527E+00
0.860276E+00	0.890253E+01	0.110485E+00
0.863011E+00	0.850196E+01	0.107818E+00
0.865746E+00	0.839485E+01	0.106314E+00
0.868481E+00	0.848235E+01	0.109024E+00
0.871216E+00	0.813773E+01	0.105508E+00
0.873951E+00	0.820402E+01	0.105846E+00
0.876686E+00	0.819277E+01	0.107284E+00
0.879422E+00	0.802955E+01	0.104641E+00
0.882157E+00	0.778833E+01	0.104872E+00
0.884892E+00	0.763207E+01	0.101777E+00
0.887627E+00	0.758366E+01	0.105456E+00
0.890362E+00	0.751455E+01	0.105211E+00
0.893097E+00	0.766602E+01	0.103791E+00
0.895832E+00	0.721572E+01	0.102194E+00
0.898567E+00	0.750281E+01	0.105219E+00
0.901302E+00	0.746909E+01	0.106932E+00
0.904037E+00	0.727444E+01	0.104823E+00
0.906772E+00	0.702245E+01	0.102957E+00
0.909507E+00	0.707133E+01	0.103156E+00
0.912243E+00	0.679526E+01	0.102322E+00
0.914978E+00	0.687669E+01	0.102416E+00
0.917713E+00	0.688066E+01	0.102665E+00
0.920448E+00	0.664915E+01	0.101673E+00
0.923183E+00	0.653845E+01	0.100478E+00
0.925918E+00	0.650643E+01	0.102126E+00
0.928653E+00	0.639426E+01	0.101031E+00
0.931388E+00	0.638818E+01	0.980921E-01
0.934123E+00	0.620814E+01	0.101044E+00
0.936858E+00	0.629191E+01	0.100644E+00
0.939593E+00	0.636862E+01	0.101834E+00
0.942329E+00	0.604701E+01	0.986052E-01
0.945064E+00	0.614589E+01	0.100416E+00
0.947799E+00	0.608263E+01	0.101465E+00
0.950534E+00	0.577057E+01	0.977763E-01
0.953269E+00	0.574088E+01	0.980712E-01
0.956004E+00	0.562152E+01	0.983575E-01
0.958739E+00	0.597079E+01	0.101262E+00
0.961474E+00	0.567508E+01	0.998623E-01
0.964209E+00	0.538701E+01	0.954586E-01
0.966944E+00	0.536845E+01	0.974186E-01
0.969679E+00	0.566146E+01	0.100371E+00
0.972414E+00	0.545535E+01	0.994751E-01
0.975150E+00	0.551650E+01	0.100426E+00
0.977885E+00	0.521228E+01	0.949908E-01
0.980620E+00	0.523115E+01	0.973375E-01
0.983355E+00	0.504120E+01	0.939012E-01
0.986090E+00	0.504075E+01	0.960827E-01
0.988825E+00	0.490526E+01	0.937179E-01
0.991560E+00	0.504273E+01	0.961354E-01
0.994295E+00	0.483697E+01	0.960632E-01
0.997030E+00	0.470738E+01	0.953760E-01
0.999765E+00	0.458491E+01	0.927437E-01
0.100250E+01	0.470370E+01	0.950850E-01
0.100524E+01	0.479237E+01	0.956804E-01
0.100797E+01	0.446785E+01	0.949547E-01
0.101071E+01	0.460184E+01	0.932249E-01
0.101344E+01	0.454771E+01	0.921707E-01
0.101618E+01	0.443320E+01	0.937329E-01
0.101891E+01	0.425767E+01	0.928055E-01
0.102165E+01	0.435851E+01	0.946544E-01
0.102438E+01	0.424735E+01	0.906589E-01
0.102712E+01	0.424049E+01	0.928748E-01
0.102985E+01	0.432199E+01	0.941415E-01
0.103259E+01	0.403454E+01	0.909985E-01
0.103532E+01	0.422085E+01	0.942444E-01
0.103806E+01	0.417307E+01	0.944182E-01
0.104079E+01	0.401214E+01	0.933759E-01
0.104353E+01	0.396013E+01	0.905142E-01
0.104626E+01	0.386183E+01	0.912167E-01
0.104900E+01	0.382666E+01	0.914297E-01
0.105173E+01	0.372876E+01	0.910116E-01
0.105447E+01	0.393707E+01	0.920663E-01
0.105720E+01	0.370159E+01	0.897429E-01
0.105994E+01	0.361355E+01	0.902504E-01
0.106267E+01	0.379043E+01	0.912481E-01
0.106541E+01	0.368995E+01	0.914771E-01
0.106814E+01	0.361835E+01	0.891051E-01
0.107088E+01	0.350130E+01	0.895638E-01
0.107361E+01	0.351281E+01	0.913186E-01
0.107635E+01	0.341041E+01	0.895293E-01
0.107908E+01	0.357047E+01	0.939297E-01
0.108182E+01	0.336018E+01	0.884494E-01
0.108455E+01	0.334651E+01	0.901607E-01
0.108729E+01	0.328554E+01	0.886283E-01
0.109002E+01	0.326252E+01	0.883621E-01
0.109276E+01	0.310957E+01	0.888277E-01
0.109549E+01	0.321762E+01	0.900259E-01
0.109823E+01	0.317588E+01	0.888773E-01
0.110096E+01	0.309373E+01	0.878779E-01
0.110370E+01	0.314391E+01	0.861062E-01
0.110643E+01	0.291083E+01	0.875989E-01
0.110917E+01	0.306351E+01	0.888845E-01
0.111190E+01	0.288229E+01	0.868022E-01
0.111464E+01	0.304809E+01	0.886591E-01
0.111737E+01	0.300938E+01	0.886776E-01
0.112011E+01	0.296337E+01	0.888336E-01
0.112284E+01	0.284032E+01	0.853626E-01
0.112558E+01	0.275764E+01	0.871933E-01
0.112831E+01	0.285936E+01	0.887394E-01
0.113105E+01	0.281860E+01	0.875601E-01
0.113378E+01	0.282429E+01	0.881512E-01
0.113652E+01	0.273770E+01	0.856822E-01
0.113925E+01	0.262171E+01	0.869217E-01
0.114199E+01	0.248478E+01	0.842437E-01
0.114472E+01	0.260449E+01	0.877023E-01
0.114746E+01	0.253883E+01	0.868171E-01
0.115020E+01	0.249265E+01	0.844379E-01
0.115293E+01	0.256490E+01	0.837208E-01
0.115567E+01	0.252534E+01	0.875999E-01
0.115840E+01	0.248567E+01	0.864546E-01
0.116114E+01	0.264647E+01	0.883481E-01
0.116387E+01	0.263512E+01	0.860098E-01
0.116661E+01	0.239613E+01	0.850943E-01
0.116934E+01	0.236240E+01	0.872168E-01
0.117208E+01	0.236444E+01	0.846181E-01
0.117481E+01	0.234028E+01	0.857194E-01
0.117755E+01	0.234744E+01	0.854628E-01
0.118028E+01	0.226557E+01	0.845310E-01
0.118302E+01	0.227132E+01	0.871820E-01
0.118575E+01	0.240672E+01	0.844615E-01
0.118849E+01	0.237424E+01	0.858690E-01
0.119122E+01	0.237074E+01	0.865213E-01
0.119396E+01	0.230653E+01	0.845724E-01
0.119669E+01	0.226562E+01	0.851649E-01
0.119943E+01	0.225941E+01	0.833717E-01
0.120216E+01	0.212071E+01	0.854472E-01
0.120490E+01	0.213771E+01	0.848729E-01
0.120763E+01	0.216748E+01	0.852512E-01
0.121037E+01	0.209349E+01	0.839721E-01
0.121310E+01	0.209627E+01	0.839797E-01
0.121584E+01	0.228123E+01	0.870185E-01
0.122131E+01	0.199775E+01	0.836996E-01
0.122404E+01	0.209338E+01	0.845700E-01
0.122678E+01	0.208406E+01	0.861932E-01
0.122951E+01	0.204625E+01	0.831216E-01
0.123225E+01	0.196248E+01	0.898091E-01
0.123498E+01	0.208403E+01	0.920528E-01
0.123772E+01	0.213981E+01	0.955778E-01
0.124045E+01	0.218241E+01	0.955372E-01
0.124319E+01	0.206665E+01	0.974095E-01
0.124592E+01	0.202300E+01	0.100575E+00
0.124866E+01	0.187429E+01	0.990375E-01
0.125139E+01	0.201702E+01	0.102775E+00
0.125413E+01	0.204166E+01	0.104933E+00
0.125686E+01	0.192701E+01	0.102681E+00
0.125960E+01	0.188532E+01	0.103368E+00
0.126233E+01	0.192372E+01	0.109751E+00
0.126507E+01	0.191507E+01	0.100386E+00
0.126780E+01	0.188002E+01	0.984116E-01
0.127054E+01	0.185784E+01	0.918733E-01
0.127327E+01	0.181805E+01	0.917413E-01
0.127601E+01	0.188538E+01	0.894751E-01
0.127874E+01	0.187811E+01	0.902602E-01
0.128148E+01	0.173356E+01	0.883413E-01
0.128421E+01	0.175911E+01	0.867281E-01
0.128695E+01	0.162972E+01	0.851676E-01
0.128968E+01	0.166157E+01	0.856631E-01
0.129242E+01	0.174359E+01	0.856409E-01
0.129515E+01	0.179676E+01	0.875899E-01
0.129789E+01	0.163159E+01	0.829401E-01
0.130062E+01	0.166526E+01	0.856410E-01
0.130336E+01	0.170383E+01	0.842015E-01
0.130609E+01	0.168302E+01	0.830706E-01
0.130883E+01	0.177023E+01	0.852654E-01
0.131157E+01	0.159262E+01	0.861288E-01
0.131430E+01	0.168365E+01	0.860141E-01
0.131704E+01	0.165413E+01	0.820297E-01
0.131977E+01	0.161443E+01	0.836346E-01
0.132251E+01	0.164120E+01	0.844268E-01
0.132524E+01	0.151876E+01	0.848134E-01
0.132798E+01	0.168336E+01	0.838137E-01
0.133071E+01	0.156998E+01	0.856060E-01
0.133345E+01	0.149188E+01	0.820936E-01
0.133618E+01	0.157898E+01	0.843924E-01
0.133892E+01	0.159542E+01	0.853708E-01
0.134165E+01	0.142816E+01	0.814738E-01
0.134439E+01	0.148621E+01	0.812353E-01
0.134712E+01	0.179400E+01	0.846208E-01
0.134986E+01	0.167495E+01	0.836552E-01
0.135259E+01	0.150515E+01	0.833538E-01
0.135533E+01	0.157497E+01	0.824893E-01
0.135806E+01	0.155240E+01	0.823984E-01
0.136080E+01	0.156764E+01	0.808358E-01
0.136353E+01	0.147792E+01	0.822251E-01
0.136627E+01	0.153302E+01	0.806801E-01
0.136900E+01	0.147885E+01	0.828402E-01
0.137174E+01	0.145803E+01	0.836243E-01
0.137447E+01	0.147757E+01	0.824278E-01
0.137721E+01	0.157126E+01	0.821477E-01
0.137994E+01	0.141115E+01	0.801831E-01
0.138268E+01	0.153703E+01	0.832634E-01
0.138541E+01	0.138718E+01	0.810126E-01
0.138815E+01	0.138893E+01	0.813081E-01
0.139088E+01	0.134126E+01	0.818255E-01
0.139362E+01	0.135376E+01	0.848276E-01
0.139635E+01	0.140424E+01	0.822135E-01
0.139909E+01	0.132008E+01	0.806310E-01
0.140182E+01	0.139595E+01	0.829230E-01
0.140456E+01	0.142587E+01	0.810401E-01
0.140729E+01	0.130664E+01	0.807684E-01
0.141003E+01	0.144779E+01	0.809485E-01
0.141276E+01	0.134935E+01	0.806367E-01
0.141550E+01	0.142496E+01	0.817095E-01
0.141823E+01	0.140126E+01	0.817471E-01
0.142097E+01	0.138109E+01	0.804030E-01
0.142370E+01	0.129652E+01	0.815513E-01
0.142644E+01	0.145312E+01	0.836746E-01
0.142917E+01	0.130274E+01	0.799562E-01
0.143191E+01	0.141032E+01	0.787402E-01
0.143464E+01	0.138971E+01	0.822272E-01
0.143738E+01	0.134417E+01	0.794616E-01
0.144011E+01	0.142098E+01	0.803856E-01
0.144285E+01	0.121548E+01	0.792151E-01
0.144558E+01	0.137159E+01	0.833213E-01
0.144832E+01	0.140376E+01	0.832133E-01
0.145105E+01	0.131073E+01	0.810437E-01
0.145379E+01	0.132596E+01	0.806704E-01
0.145652E+01	0.120060E+01	0.791242E-01
0.145926E+01	0.129124E+01	0.799944E-01
0.146199E+01	0.127463E+01	0.793437E-01
0.146473E+01	0.134393E+01	0.816616E-01
0.146747E+01	0.135141E+01	0.801804E-01
0.147020E+01	0.124302E+01	0.809190E-01
0.147294E+01	0.115485E+01	0.806091E-01
0.147567E+01	0.127577E+01	0.829151E-01
0.147841E+01	0.120347E+01	0.792736E-01
0.148114E+01	0.122654E+01	0.796174E-01
0.148388E+01	0.112233E+01	0.778210E-01
0.148661E+01	0.133001E+01	0.794685E-01
0.148935E+01	0.122143E+01	0.781605E-01
0.149208E+01	0.111179E+01	0.792038E-01
0.149482E+01	0.120632E+01	0.783554E-01
0.149755E+01	0.115994E+01	0.775416E-01
0.150029E+01	0.109349E+01	0.762946E-01
0.150302E+01	0.119425E+01	0.779614E-01
0.150576E+01	0.113249E+01	0.789645E-01
0.150849E+01	0.119280E+01	0.781773E-01
0.151123E+01	0.127176E+01	0.775207E-01
0.151396E+01	0.116610E+01	0.781416E-01
0.151670E+01	0.109272E+01	0.783868E-01
0.151943E+01	0.118152E+01	0.803346E-01
0.152217E+01	0.110141E+01	0.801727E-01
0.152490E+01	0.115173E+01	0.785214E-01
0.152764E+01	0.129721E+01	0.804194E-01
0.153037E+01	0.111584E+01	0.776376E-01
0.153311E+01	0.116159E+01	0.784162E-01
0.153584E+01	0.104148E+01	0.776982E-01
0.153858E+01	0.118234E+01	0.771422E-01
0.154131E+01	0.106454E+01	0.769960E-01
0.154405E+01	0.116837E+01	0.801776E-01
0.154678E+01	0.111402E+01	0.770389E-01
0.154952E+01	0.103452E+01	0.767701E-01
0.155225E+01	0.112521E+01	0.789672E-01
0.155499E+01	0.110916E+01	0.783759E-01
0.155772E+01	0.114958E+01	0.778416E-01
0.156046E+01	0.940281E+00	0.773055E-01
0.156319E+01	0.979760E+00	0.780312E-01
0.156593E+01	0.107679E+01	0.765527E-01
0.156866E+01	0.102959E+01	0.777217E-01
0.157140E+01	0.100715E+01	0.776212E-01
0.157413E+01	0.103393E+01	0.769091E-01
0.157687E+01	0.108822E+01	0.789097E-01
0.157960E+01	0.106286E+01	0.769230E-01
0.158234E+01	0.953870E+00	0.787052E-01
0.158507E+01	0.118743E+01	0.793706E-01
0.158781E+01	0.102369E+01	0.754561E-01
0.159054E+01	0.911280E+00	0.790583E-01
0.159328E+01	0.955705E+00	0.755972E-01
0.159601E+01	0.969133E+00	0.747340E-01
0.159875E+01	0.947045E+00	0.761848E-01
0.160148E+01	0.100131E+01	0.774048E-01
0.160422E+01	0.104238E+01	0.773672E-01
0.160695E+01	0.929149E+00	0.743229E-01
0.160969E+01	0.891407E+00	0.752115E-01
0.161242E+01	0.894183E+00	0.764046E-01
0.161516E+01	0.104142E+01	0.781475E-01
0.161789E+01	0.883241E+00	0.735442E-01
0.162063E+01	0.996226E+00	0.791015E-01
0.162336E+01	0.102232E+01	0.764721E-01
0.162610E+01	0.982832E+00	0.766140E-01
0.162884E+01	0.934007E+00	0.759868E-01
0.163157E+01	0.932451E+00	0.763097E-01
0.163431E+01	0.921740E+00	0.767281E-01
0.163704E+01	0.101746E+01	0.764593E-01
0.163978E+01	0.103411E+01	0.772412E-01
0.164251E+01	0.102077E+01	0.771122E-01
0.164525E+01	0.950329E+00	0.766393E-01
0.164798E+01	0.968695E+00	0.756967E-01
0.165072E+01	0.933819E+00	0.757043E-01
0.165345E+01	0.100159E+01	0.742749E-01
0.165619E+01	0.939648E+00	0.765376E-01
0.165892E+01	0.929256E+00	0.766178E-01
0.166166E+01	0.921669E+00	0.766293E-01
0.166439E+01	0.901768E+00	0.745835E-01
0.166713E+01	0.768829E+00	0.755759E-01
0.166986E+01	0.885412E+00	0.763592E-01
0.167260E+01	0.933074E+00	0.768541E-01
0.167533E+01	0.830241E+00	0.758178E-01
0.167807E+01	0.861196E+00	0.776192E-01
0.168080E+01	0.921323E+00	0.747813E-01
0.168354E+01	0.950460E+00	0.771478E-01
0.168627E+01	0.949364E+00	0.770295E-01
0.168901E+01	0.862288E+00	0.759110E-01
0.169174E+01	0.101156E+01	0.757098E-01
0.169448E+01	0.848699E+00	0.760281E-01
0.169721E+01	0.750509E+00	0.757781E-01
0.169995E+01	0.953723E+00	0.758928E-01
0.170268E+01	0.890727E+00	0.764206E-01
0.170542E+01	0.742574E+00	0.747973E-01
0.170815E+01	0.920894E+00	0.765539E-01
0.171089E+01	0.752039E+00	0.750580E-01
0.171362E+01	0.958084E+00	0.764380E-01
0.171636E+01	0.842515E+00	0.751025E-01
0.171909E+01	0.871731E+00	0.756300E-01
0.172183E+01	0.727189E+00	0.749416E-01
0.172456E+01	0.763504E+00	0.748311E-01
0.172730E+01	0.850693E+00	0.750918E-01
0.173003E+01	0.746249E+00	0.746257E-01
0.173277E+01	0.731452E+00	0.730665E-01
0.173550E+01	0.729216E+00	0.758457E-01
0.173824E+01	0.723230E+00	0.755100E-01
0.174097E+01	0.759854E+00	0.752542E-01
0.174371E+01	0.780303E+00	0.731442E-01
0.174644E+01	0.829644E+00	0.739758E-01
0.174918E+01	0.724531E+00	0.764212E-01
0.175191E+01	0.742202E+00	0.753662E-01
0.175465E+01	0.796432E+00	0.765098E-01
0.175738E+01	0.834783E+00	0.743539E-01
0.176012E+01	0.823051E+00	0.761670E-01
0.176285E+01	0.762140E+00	0.740182E-01
0.176559E+01	0.883304E+00	0.766889E-01
0.176832E+01	0.611357E+00	0.739698E-01
0.177106E+01	0.588584E+00	0.728707E-01
0.177379E+01	0.804506E+00	0.744795E-01
0.177653E+01	0.676646E+00	0.725051E-01
0.177926E+01	0.744179E+00	0.753115E-01
0.178200E+01	0.715686E+00	0.729390E-01
0.178474E+01	0.852802E+00	0.750444E-01
0.178747E+01	0.702116E+00	0.727385E-01
0.179021E+01	0.768067E+00	0.731902E-01
0.179294E+01	0.816890E+00	0.742766E-01
0.179568E+01	0.716607E+00	0.765765E-01
0.179841E+01	0.609849E+00	0.746081E-01
0.180115E+01	0.787652E+00	0.738823E-01
0.180388E+01	0.672135E+00	0.733985E-01
0.180662E+01	0.704139E+00	0.745106E-01
0.180935E+01	0.690206E+00	0.741346E-01
0.181209E+01	0.642871E+00	0.754320E-01
0.181482E+01	0.854807E+00	0.747221E-01
0.181756E+01	0.705339E+00	0.755434E-01
0.182029E+01	0.759638E+00	0.739826E-01
0.182303E+01	0.732401E+00	0.734368E-01
0.182576E+01	0.769423E+00	0.747126E-01
0.182850E+01	0.737598E+00	0.735578E-01
0.183123E+01	0.519350E+00	0.725792E-01
0.183397E+01	0.714480E+00	0.729351E-01
0.183670E+01	0.695930E+00	0.740450E-01
0.183944E+01	0.816630E+00	0.755768E-01
0.184217E+01	0.651197E+00	0.720781E-01
0.184491E+01	0.724487E+00	0.744680E-01
0.184764E+01	0.665438E+00	0.736072E-01
0.185038E+01	0.745382E+00	0.760804E-01
0.185311E+01	0.715877E+00	0.747136E-01
0.185585E+01	0.611889E+00	0.737846E-01
0.185858E+01	0.622908E+00	0.731828E-01
0.186132E+01	0.779013E+00	0.753490E-01
0.186405E+01	0.545701E+00	0.742709E-01
0.186679E+01	0.664611E+00	0.744193E-01
0.186952E+01	0.575919E+00	0.733784E-01
0.187226E+01	0.503359E+00	0.734693E-01
0.187499E+01	0.684362E+00	0.730302E-01
0.187773E+01	0.579909E+00	0.722029E-01
0.188046E+01	0.607773E+00	0.727003E-01
0.188320E+01	0.517945E+00	0.710155E-01
0.188593E+01	0.580407E+00	0.733259E-01
0.188867E+01	0.642904E+00	0.730527E-01
0.189140E+01	0.529027E+00	0.734928E-01
0.189414E+01	0.570857E+00	0.723971E-01
0.189687E+01	0.648523E+00	0.725445E-01
0.189961E+01	0.516544E+00	0.719101E-01
0.190234E+01	0.664348E+00	0.740298E-01
0.190508E+01	0.694707E+00	0.724790E-01
0.190781E+01	0.565361E+00	0.741799E-01
0.191055E+01	0.691340E+00	0.750574E-01
0.191328E+01	0.608495E+00	0.721857E-01
0.191602E+01	0.545851E+00	0.718576E-01
0.191875E+01	0.619051E+00	0.726102E-01
0.192149E+01	0.637124E+00	0.749952E-01
0.192422E+01	0.598051E+00	0.738374E-01
0.192696E+01	0.516715E+00	0.675877E-01
0.192969E+01	0.586017E+00	0.735012E-01
0.193243E+01	0.633212E+00	0.748185E-01
0.193516E+01	0.657657E+00	0.739341E-01
0.193790E+01	0.542160E+00	0.730642E-01
0.194063E+01	0.596078E+00	0.749514E-01
0.194337E+01	0.586130E+00	0.745761E-01
0.194611E+01	0.629999E+00	0.728633E-01
0.194884E+01	0.477239E+00	0.736430E-01
0.195158E+01	0.600004E+00	0.734497E-01
0.195431E+01	0.619679E+00	0.739174E-01
0.195705E+01	0.568533E+00	0.724248E-01
0.195978E+01	0.403961E+00	0.723213E-01
0.196252E+01	0.552209E+00	0.727255E-01
0.196525E+01	0.492084E+00	0.733901E-01
0.196799E+01	0.572224E+00	0.730063E-01
0.197072E+01	0.641374E+00	0.752582E-01
0.197346E+01	0.564281E+00	0.729904E-01
0.197619E+01	0.526275E+00	0.737029E-01
0.197893E+01	0.562749E+00	0.726099E-01
0.198166E+01	0.590579E+00	0.717804E-01
0.198440E+01	0.546275E+00	0.731720E-01
0.198713E+01	0.480528E+00	0.736646E-01
0.198987E+01	0.478576E+00	0.714566E-01
0.199260E+01	0.521808E+00	0.723361E-01
0.199534E+01	0.459026E+00	0.706597E-01
0.199807E+01	0.582717E+00	0.734093E-01
0.200081E+01	0.502947E+00	0.720034E-01
0.200354E+01	0.605257E+00	0.736926E-01
0.200628E+01	0.514609E+00	0.725074E-01
0.200901E+01	0.444920E+00	0.730071E-01
0.201175E+01	0.471546E+00	0.721908E-01
0.201448E+01	0.594914E+00	0.732076E-01
0.201722E+01	0.530609E+00	0.713272E-01
0.201995E+01	0.546664E+00	0.741711E-01
0.202269E+01	0.649738E+00	0.721366E-01
0.202542E+01	0.497088E+00	0.715879E-01
0.202816E+01	0.395881E+00	0.728011E-01
0.203089E+01	0.583148E+00	0.721428E-01
0.203363E+01	0.472066E+00	0.722981E-01
0.203636E+01	0.621819E+00	0.719426E-01
0.203910E+01	0.513701E+00	0.709079E-01
0.204183E+01	0.514961E+00	0.709797E-01
0.204457E+01	0.429074E+00	0.725183E-01
0.204730E+01	0.493242E+00	0.712165E-01
0.205004E+01	0.495008E+00	0.733509E-01
0.205277E+01	0.542741E+00	0.729423E-01
0.205551E+01	0.542487E+00	0.730997E-01
0.205824E+01	0.400082E+00	0.730006E-01
0.206098E+01	0.610520E+00	0.713238E-01
0.206371E+01	0.545546E+00	0.717906E-01
0.206645E+01	0.449694E+00	0.732286E-01
0.206918E+01	0.506620E+00	0.745214E-01
0.207192E+01	0.518741E+00	0.730080E-01
0.207465E+01	0.382463E+00	0.707045E-01
0.207739E+01	0.492610E+00	0.711600E-01
0.208012E+01	0.529424E+00	0.718109E-01
0.208286E+01	0.374889E+00	0.711245E-01
0.208559E+01	0.489666E+00	0.702805E-01
0.208833E+01	0.443099E+00	0.719748E-01
0.209106E+01	0.525525E+00	0.711545E-01
0.209380E+01	0.446164E+00	0.724308E-01
0.209653E+01	0.445247E+00	0.701515E-01
0.209927E+01	0.327164E+00	0.708817E-01
0.210200E+01	0.527601E+00	0.713993E-01
0.210474E+01	0.442168E+00	0.725147E-01
0.210748E+01	0.389199E+00	0.710661E-01
0.211021E+01	0.450252E+00	0.717332E-01
0.211295E+01	0.387934E+00	0.698589E-01
0.211568E+01	0.380112E+00	0.719342E-01
0.211842E+01	0.388483E+00	0.722477E-01
0.212115E+01	0.272580E+00	0.705058E-01
0.212389E+01	0.431100E+00	0.711107E-01
0.212662E+01	0.322949E+00	0.711467E-01
0.212936E+01	0.414870E+00	0.687185E-01
0.213209E+01	0.446827E+00	0.724789E-01
0.213483E+01	0.432320E+00	0.724920E-01
0.213756E+01	0.394140E+00	0.742993E-01
0.214030E+01	0.418422E+00	0.715876E-01
0.214303E+01	0.488341E+00	0.719118E-01
0.214577E+01	0.501412E+00	0.721105E-01
0.214850E+01	0.399364E+00	0.713078E-01
0.215124E+01	0.340964E+00	0.706141E-01
0.215397E+01	0.403375E+00	0.695156E-01
0.215671E+01	0.504670E+00	0.701890E-01
0.215944E+01	0.371045E+00	0.701567E-01
0.216218E+01	0.300836E+00	0.693219E-01
0.216491E+01	0.385261E+00	0.688454E-01
0.216765E+01	0.397415E+00	0.724982E-01
0.217038E+01	0.426630E+00	0.716922E-01
0.217312E+01	0.428734E+00	0.716185E-01
0.217585E+01	0.352217E+00	0.707517E-01
0.217859E+01	0.427109E+00	0.708767E-01
0.218132E+01	0.403090E+00	0.696200E-01
0.218406E+01	0.486743E+00	0.688177E-01
0.218679E+01	0.389700E+00	0.724052E-01
0.218953E+01	0.481832E+00	0.713232E-01
0.219226E+01	0.476654E+00	0.708861E-01
0.219500E+01	0.445257E+00	0.693194E-01
0.219773E+01	0.399865E+00	0.699292E-01
0.220047E+01	0.367752E+00	0.711775E-01
0.220320E+01	0.410867E+00	0.702211E-01
0.220594E+01	0.421018E+00	0.711588E-01
0.220867E+01	0.448979E+00	0.699334E-01
0.221141E+01	0.471455E+00	0.725520E-01
0.221414E+01	0.283277E+00	0.687223E-01
0.221688E+01	0.537889E+00	0.709649E-01
0.221961E+01	0.361005E+00	0.700372E-01
0.222235E+01	0.421671E+00	0.711505E-01
0.222508E+01	0.425771E+00	0.697221E-01
0.222782E+01	0.379167E+00	0.699976E-01
0.223055E+01	0.400529E+00	0.694195E-01
0.223329E+01	0.417879E+00	0.718793E-01
0.223602E+01	0.394804E+00	0.700893E-01
0.223876E+01	0.278535E+00	0.694696E-01
0.224149E+01	0.362117E+00	0.696018E-01
0.224423E+01	0.442373E+00	0.689109E-01
0.224696E+01	0.321955E+00	0.704963E-01
0.224970E+01	0.336803E+00	0.701858E-01
0.225243E+01	0.220963E+00	0.703648E-01
0.225517E+01	0.433032E+00	0.696607E-01
0.225790E+01	0.495949E+00	0.702661E-01
0.226064E+01	0.496002E+00	0.706079E-01
0.226338E+01	0.257177E+00	0.709270E-01
0.226611E+01	0.336773E+00	0.687863E-01
0.226885E+01	0.434572E+00	0.707697E-01
0.227158E+01	0.436198E+00	0.699772E-01
0.227432E+01	0.342785E+00	0.685840E-01
0.227705E+01	0.403938E+00	0.700549E-01
0.227979E+01	0.284294E+00	0.699199E-01
0.228252E+01	0.315143E+00	0.693447E-01
0.228526E+01	0.393574E+00	0.694107E-01
0.228799E+01	0.350036E+00	0.706394E-01
0.229073E+01	0.346089E+00	0.702040E-01
0.229346E+01	0.353653E+00	0.681041E-01
0.229620E+01	0.297176E+00	0.717575E-01
0.229893E+01	0.220582E+00	0.666362E-01
0.230167E+01	0.339689E+00	0.691396E-01
0.230440E+01	0.299577E+00	0.695295E-01
0.230714E+01	0.416523E+00	0.703853E-01
0.230987E+01	0.306087E+00	0.705387E-01
0.231261E+01	0.325658E+00	0.704677E-01
0.231534E+01	0.339493E+00	0.692610E-01
0.231808E+01	0.259534E+00	0.674707E-01
0.232081E+01	0.222116E+00	0.702908E-01
0.232355E+01	0.310846E+00	0.707065E-01
0.232628E+01	0.461964E+00	0.690618E-01
0.232902E+01	0.386938E+00	0.701420E-01
0.233175E+01	0.457036E+00	0.693022E-01
0.233449E+01	0.358655E+00	0.700732E-01
0.233722E+01	0.318284E+00	0.674860E-01
0.233996E+01	0.432729E+00	0.719747E-01
0.234269E+01	0.397370E+00	0.696794E-01
0.234543E+01	0.343958E+00	0.683235E-01
0.234816E+01	0.280337E+00	0.691861E-01
0.235090E+01	0.363187E+00	0.705888E-01
0.235363E+01	0.369939E+00	0.702883E-01
0.235637E+01	0.354896E+00	0.687266E-01
0.235910E+01	0.279014E+00	0.703119E-01
0.236184E+01	0.442605E+00	0.694341E-01
0.236457E+01	0.387298E+00	0.702270E-01
0.236731E+01	0.347362E+00	0.698746E-01
0.237004E+01	0.284160E+00	0.675045E-01
0.237278E+01	0.333666E+00	0.696135E-01
0.237551E+01	0.249942E+00	0.703952E-01
0.237825E+01	0.298793E+00	0.690987E-01
0.238098E+01	0.293847E+00	0.707597E-01
0.238372E+01	0.301188E+00	0.700008E-01
0.238645E+01	0.181209E+00	0.701587E-01
0.238919E+01	0.158577E+00	0.688850E-01
0.239192E+01	0.260240E+00	0.692351E-01
0.239466E+01	0.273134E+00	0.701051E-01
0.239739E+01	0.370256E+00	0.676147E-01
0.240013E+01	0.245619E+00	0.682075E-01
0.240286E+01	0.246501E+00	0.681563E-01
0.240560E+01	0.359479E+00	0.682165E-01
0.240833E+01	0.235295E+00	0.682902E-01
0.241107E+01	0.261707E+00	0.672392E-01
0.241380E+01	0.247410E+00	0.668382E-01
0.241654E+01	0.219932E+00	0.702652E-01
0.241927E+01	0.191549E+00	0.681585E-01
0.242201E+01	0.357881E+00	0.696812E-01
0.242475E+01	0.305261E+00	0.687079E-01
0.242748E+01	0.259952E+00	0.698116E-01
0.243022E+01	0.233320E+00	0.699805E-01
0.243295E+01	0.336957E+00	0.697152E-01
0.243569E+01	0.306554E+00	0.678577E-01
0.243842E+01	0.259323E+00	0.691702E-01
0.244116E+01	0.407279E+00	0.699999E-01
0.244389E+01	0.215351E+00	0.683163E-01
0.244663E+01	0.236289E+00	0.684303E-01
0.244936E+01	0.340531E+00	0.685835E-01
0.245210E+01	0.397777E+00	0.703291E-01
0.245483E+01	0.261393E+00	0.701479E-01
0.245757E+01	0.297478E+00	0.691249E-01
0.246030E+01	0.211725E+00	0.699531E-01
0.246304E+01	0.143509E+00	0.695715E-01
0.246577E+01	0.204387E+00	0.672603E-01
0.246851E+01	0.138476E+00	0.687411E-01
0.247124E+01	0.329409E+00	0.691105E-01
0.247398E+01	0.254611E+00	0.696417E-01
0.247671E+01	0.197679E+00	0.669626E-01
0.247945E+01	0.201798E+00	0.679800E-01
0.248218E+01	0.341577E+00	0.688318E-01
0.248492E+01	0.208244E+00	0.669459E-01
0.248765E+01	0.245570E+00	0.668986E-01
0.249039E+01	0.345737E+00	0.675631E-01
0.249312E+01	0.230264E+00	0.689811E-01
0.249586E+01	0.301119E+00	0.687443E-01
0.249859E+01	0.168827E+00	0.675495E-01
0.250133E+01	0.241994E+00	0.660397E-01
0.250406E+01	0.316762E+00	0.674818E-01
0.250680E+01	0.315398E+00	0.678779E-01
0.250953E+01	0.320953E+00	0.701924E-01
0.251227E+01	0.311662E+00	0.672208E-01
0.251500E+01	0.223751E+00	0.671246E-01
0.251774E+01	0.228279E+00	0.662563E-01
0.252047E+01	0.205762E+00	0.683558E-01
0.252321E+01	0.248446E+00	0.690145E-01
0.252594E+01	0.215715E+00	0.678652E-01
0.252868E+01	0.216744E+00	0.663201E-01
0.253141E+01	0.231165E+00	0.688960E-01
0.253415E+01	0.239996E+00	0.675974E-01
0.253688E+01	0.328705E+00	0.680136E-01
0.253962E+01	0.228626E+00	0.672739E-01
0.254235E+01	0.292251E+00	0.711321E-01
0.254509E+01	0.368619E+00	0.704224E-01
0.254782E+01	0.160356E+00	0.684355E-01
0.255056E+01	0.270269E+00	0.671931E-01
0.255329E+01	0.192424E+00	0.673707E-01
0.255603E+01	0.262757E+00	0.673193E-01
0.255876E+01	0.294848E+00	0.690091E-01
0.256150E+01	0.245054E+00	0.673725E-01
0.256423E+01	0.314240E+00	0.673975E-01
0.256697E+01	0.330356E+00	0.675377E-01
0.256970E+01	0.204363E+00	0.666134E-01
0.257244E+01	0.298849E+00	0.697423E-01
0.257517E+01	0.232882E+00	0.695583E-01
0.257791E+01	0.132039E+00	0.708284E-01
0.258065E+01	0.229618E+00	0.688422E-01
0.258338E+01	0.382526E+00	0.773649E-01
0.258612E+01	0.259658E+00	0.812021E-01
0.258885E+01	0.183283E+00	0.806214E-01
0.259159E+01	0.221268E+00	0.874378E-01
0.259432E+01	0.345895E+00	0.914909E-01
0.259706E+01	0.309152E+00	0.972950E-01
0.259979E+01	0.260080E+00	0.939862E-01
0.260253E+01	0.319868E+00	0.959640E-01
0.260526E+01	0.224715E+00	0.971234E-01
0.260800E+01	0.196403E+00	0.102196E+00
0.261073E+01	0.202528E+00	0.102863E+00
0.261347E+01	0.442107E+00	0.107729E+00
0.261620E+01	0.237803E+00	0.892936E-01
0.261894E+01	0.134653E+00	0.820076E-01
0.262167E+01	0.157035E+00	0.780389E-01
0.262441E+01	0.177444E+00	0.769095E-01
0.262714E+01	0.254211E+00	0.772077E-01
0.262988E+01	0.342569E+00	0.747618E-01
0.263261E+01	0.259667E+00	0.736798E-01
0.263535E+01	0.181050E+00	0.729083E-01
0.263808E+01	0.106386E+00	0.720581E-01
0.264082E+01	0.207023E+00	0.759733E-01
0.264355E+01	0.348803E+00	0.748355E-01
0.264629E+01	0.279622E+00	0.745284E-01
0.264902E+01	0.133403E+00	0.751486E-01
0.265176E+01	0.298769E+00	0.735369E-01
0.265449E+01	0.233033E+00	0.732362E-01
0.265723E+01	0.154198E+00	0.730524E-01
0.265996E+01	0.255965E+00	0.729068E-01
0.266270E+01	0.205824E+00	0.741342E-01
0.266543E+01	0.235276E+00	0.743153E-01
0.266817E+01	0.178428E+00	0.718373E-01
0.267090E+01	0.106090E+00	0.735319E-01
0.267364E+01	0.222879E+00	0.743274E-01
0.267637E+01	0.287821E+00	0.734439E-01
0.267911E+01	0.270021E+00	0.742721E-01
0.268184E+01	0.155866E+00	0.722908E-01
0.268458E+01	0.214338E+00	0.736813E-01
0.268731E+01	0.338929E+00	0.735341E-01
0.269005E+01	0.188051E+00	0.708783E-01
0.269278E+01	0.299700E+00	0.747816E-01
0.269552E+01	0.214565E+00	0.710402E-01
0.269825E+01	0.233125E+00	0.705953E-01
0.270099E+01	0.284866E+00	0.718638E-01
0.270372E+01	0.331803E+00	0.733499E-01
0.270646E+01	0.321871E+00	0.717742E-01
0.270919E+01	0.234506E+00	0.706071E-01
0.271193E+01	0.212242E+00	0.696517E-01
0.271466E+01	0.153716E+00	0.711832E-01
0.271740E+01	0.294134E+00	0.712799E-01
0.272013E+01	0.215506E+00	0.710616E-01
0.272287E+01	0.166598E+00	0.706965E-01
0.272560E+01	0.284223E+00	0.697743E-01
0.272834E+01	0.141440E+00	0.701548E-01
0.273107E+01	0.247906E+00	0.671293E-01
0.273381E+01	0.280558E+00	0.697360E-01
0.273654E+01	0.244233E+00	0.680749E-01
0.273928E+01	0.250881E+00	0.689907E-01
0.274202E+01	0.142990E+00	0.663475E-01
0.274475E+01	0.199662E+00	0.671728E-01
0.274749E+01	0.289390E+00	0.677625E-01
0.275022E+01	0.121760E+00	0.672558E-01
0.275296E+01	0.280612E+00	0.672764E-01
0.275569E+01	0.228722E+00	0.667859E-01
0.275843E+01	0.239711E+00	0.673717E-01
0.276116E+01	0.225882E+00	0.682423E-01
0.276390E+01	0.131774E+00	0.672441E-01
0.276663E+01	0.194190E+00	0.682739E-01
0.276937E+01	0.357124E+00	0.694769E-01
0.277210E+01	0.311273E+00	0.694547E-01
0.277484E+01	0.339318E+00	0.699628E-01
0.277757E+01	0.305071E+00	0.679796E-01
0.278031E+01	0.175154E+00	0.691611E-01
0.278304E+01	0.271974E+00	0.685262E-01
0.278578E+01	0.193084E+00	0.664578E-01
0.278851E+01	0.272171E+00	0.685107E-01
0.279125E+01	0.335274E+00	0.694554E-01
0.279398E+01	0.321013E+00	0.672929E-01
0.279672E+01	0.244167E+00	0.673378E-01
0.279945E+01	0.212274E+00	0.673117E-01
0.280219E+01	0.297250E+00	0.687036E-01
0.280492E+01	0.310192E+00	0.690107E-01
0.280766E+01	0.222917E+00	0.702171E-01
0.281039E+01	0.279181E+00	0.687660E-01
0.281313E+01	0.207015E+00	0.689832E-01
0.281586E+01	0.199946E+00	0.672232E-01
0.281860E+01	0.287666E+00	0.682597E-01
0.282133E+01	0.227267E+00	0.682275E-01
0.282407E+01	0.209206E+00	0.676660E-01
0.282680E+01	0.349545E+00	0.671604E-01
0.282954E+01	0.209894E+00	0.691983E-01
0.283227E+01	0.231618E+00	0.674264E-01
0.283501E+01	0.249574E+00	0.686759E-01
0.283774E+01	0.203507E+00	0.678640E-01
0.284048E+01	0.302712E+00	0.689883E-01
0.284321E+01	0.221107E+00	0.673451E-01
0.284595E+01	0.369251E+00	0.690247E-01
0.284868E+01	0.237232E+00	0.685560E-01
0.285142E+01	0.218986E+00	0.683205E-01
0.285415E+01	0.218677E+00	0.670991E-01
0.285689E+01	0.352661E+00	0.681898E-01
0.285962E+01	0.192599E+00	0.666880E-01
0.286236E+01	0.270540E+00	0.683768E-01
0.286509E+01	0.149384E+00	0.681479E-01
0.286783E+01	0.254632E+00	0.687080E-01
0.287056E+01	0.195832E+00	0.685467E-01
0.287330E+01	0.263498E+00	0.664881E-01
0.287603E+01	0.138173E+00	0.664269E-01
0.287877E+01	0.244568E+00	0.678911E-01
0.288150E+01	0.201959E+00	0.678486E-01
0.288424E+01	0.161930E+00	0.671967E-01
0.288697E+01	0.143469E+00	0.671289E-01
0.288971E+01	0.169364E+00	0.688402E-01
0.289244E+01	0.126547E+00	0.669771E-01
0.289518E+01	0.215963E+00	0.664037E-01
0.289792E+01	0.300368E+00	0.695102E-01
0.290065E+01	0.175487E+00	0.697937E-01
0.290339E+01	0.234537E+00	0.672446E-01
0.290612E+01	0.278174E+00	0.668756E-01
0.290886E+01	0.230505E+00	0.676549E-01
0.291159E+01	0.209993E+00	0.669687E-01
0.291433E+01	0.196085E+00	0.673989E-01
0.291706E+01	0.244642E+00	0.658953E-01
0.291980E+01	0.230124E+00	0.687388E-01
0.292253E+01	0.310162E+00	0.682675E-01
0.292527E+01	0.228036E+00	0.664033E-01
0.292800E+01	0.199164E+00	0.680083E-01
0.293074E+01	0.197293E+00	0.669976E-01
0.293347E+01	0.183148E+00	0.656317E-01
0.293621E+01	0.369608E+00	0.677979E-01
0.293894E+01	0.215400E+00	0.693587E-01
0.294168E+01	0.174104E+00	0.677586E-01
0.294441E+01	0.256711E+00	0.684054E-01
0.294715E+01	0.263723E+00	0.678561E-01
0.294988E+01	0.243735E+00	0.668260E-01
0.295262E+01	0.166732E+00	0.676895E-01
0.295535E+01	0.157570E+00	0.688900E-01
0.295809E+01	0.330782E+00	0.683193E-01
0.296082E+01	0.219219E+00	0.685825E-01
0.296356E+01	0.258879E+00	0.700320E-01
0.296629E+01	0.167418E+00	0.668029E-01
0.296903E+01	0.265936E+00	0.678162E-01
0.297176E+01	0.241355E+00	0.664980E-01
0.297450E+01	0.211302E+00	0.688285E-01
0.297723E+01	0.262844E+00	0.680963E-01
0.297997E+01	0.246780E+00	0.685184E-01
0.298270E+01	0.187963E+00	0.698490E-01
0.298544E+01	0.299796E+00	0.690164E-01
0.298817E+01	0.239958E+00	0.662090E-01
0.299091E+01	0.215006E+00	0.680446E-01
0.299364E+01	0.330414E+00	0.668805E-01
0.299638E+01	0.344119E+00	0.677565E-01
0.299911E+01	0.250451E+00	0.682529E-01
0.300185E+01	0.229270E+00	0.664382E-01
0.300458E+01	0.168292E+00	0.662643E-01
0.300732E+01	0.309018E+00	0.665311E-01
0.301005E+01	0.361529E+00	0.698341E-01
0.301279E+01	0.395883E+00	0.678663E-01
0.301552E+01	0.238005E+00	0.678743E-01
0.301826E+01	0.265209E+00	0.682144E-01
0.302099E+01	0.222501E+00	0.685657E-01
0.302373E+01	0.274414E+00	0.671303E-01
0.302646E+01	0.211364E+00	0.665610E-01
0.302920E+01	0.152577E+00	0.681686E-01
0.303193E+01	0.240636E+00	0.670590E-01
0.303467E+01	0.253267E+00	0.672012E-01
0.303740E+01	0.265215E+00	0.678340E-01
0.304014E+01	0.188750E+00	0.665793E-01
0.304287E+01	0.266024E+00	0.696422E-01
0.304561E+01	0.236063E+00	0.659646E-01
0.304834E+01	0.250291E+00	0.669412E-01
0.305108E+01	0.233483E+00	0.661169E-01
0.305381E+01	0.915998E-01	0.666190E-01
0.305655E+01	0.217577E+00	0.640169E-01
0.305929E+01	0.348074E+00	0.648734E-01
0.306202E+01	0.176868E+00	0.657637E-01
0.306476E+01	0.290259E+00	0.686642E-01
0.306749E+01	0.233284E+00	0.676616E-01
0.307023E+01	0.200084E+00	0.686643E-01
0.307296E+01	0.247910E+00	0.671481E-01
0.307570E+01	0.263205E+00	0.662280E-01
0.307843E+01	0.153148E+00	0.669944E-01
0.308117E+01	0.228410E+00	0.677494E-01
0.308390E+01	0.175403E+00	0.687794E-01
0.308664E+01	0.267007E+00	0.672446E-01
0.308937E+01	0.259760E+00	0.673000E-01
0.309211E+01	0.212536E+00	0.653278E-01
0.309484E+01	0.329769E+00	0.660033E-01
0.309758E+01	0.263500E+00	0.670159E-01
0.310031E+01	0.266524E+00	0.671925E-01
0.310305E+01	0.293199E+00	0.674119E-01
0.310578E+01	0.265943E+00	0.663250E-01
0.310852E+01	0.236183E+00	0.683277E-01
0.311125E+01	0.207926E+00	0.666828E-01
0.311399E+01	0.277433E+00	0.671417E-01
0.311672E+01	0.297238E+00	0.650551E-01
0.311946E+01	0.219775E+00	0.670807E-01
0.312219E+01	0.110296E+00	0.641345E-01
0.312493E+01	0.189381E+00	0.643543E-01
0.312766E+01	0.266455E+00	0.677610E-01
0.313040E+01	0.285989E+00	0.674464E-01
0.313313E+01	0.143516E+00	0.661156E-01
0.313587E+01	0.283751E+00	0.669314E-01
0.313860E+01	0.331644E+00	0.657544E-01
0.314134E+01	0.192140E+00	0.670379E-01
0.314407E+01	0.142720E+00	0.652654E-01
0.314681E+01	0.134114E+00	0.666964E-01
0.314954E+01	0.233445E+00	0.666206E-01
0.315228E+01	0.259891E+00	0.664287E-01
0.315501E+01	0.300588E+00	0.670991E-01
0.315775E+01	0.127100E+00	0.661120E-01
0.316048E+01	0.283708E+00	0.681952E-01
0.316322E+01	0.279654E+00	0.664252E-01
0.316595E+01	0.245683E+00	0.663335E-01
0.316869E+01	0.197123E+00	0.653495E-01
0.317142E+01	0.196859E+00	0.673192E-01
0.317416E+01	0.270491E+00	0.666276E-01
0.317689E+01	0.230676E+00	0.669467E-01
0.317963E+01	0.210558E+00	0.666910E-01
0.318236E+01	0.214138E+00	0.649462E-01
0.318510E+01	0.145990E+00	0.652142E-01
0.318783E+01	0.261703E+00	0.665873E-01
0.319057E+01	0.279524E+00	0.663309E-01
0.319330E+01	0.277035E+00	0.671067E-01
0.319604E+01	0.270040E+00	0.654327E-01
0.319877E+01	0.205998E+00	0.652726E-01
0.320151E+01	0.241559E+00	0.676864E-01
0.320424E+01	0.243366E+00	0.677086E-01
0.320698E+01	0.403697E+00	0.669855E-01
0.320971E+01	0.318129E+00	0.655816E-01
0.321245E+01	0.302318E+00	0.656730E-01
0.321519E+01	0.257622E+00	0.661253E-01
0.321792E+01	0.181663E+00	0.658297E-01
0.322066E+01	0.258321E+00	0.672122E-01
0.322339E+01	0.132611E+00	0.653711E-01
0.322613E+01	0.230197E+00	0.666765E-01
0.322886E+01	0.195228E+00	0.641284E-01
0.323160E+01	0.160469E+00	0.661442E-01
0.323433E+01	0.214197E+00	0.657300E-01
0.323707E+01	0.181593E+00	0.662913E-01
0.323980E+01	0.224774E+00	0.651880E-01
0.324254E+01	0.345046E+00	0.659318E-01
0.324527E+01	0.235617E+00	0.657688E-01
0.324801E+01	0.184921E+00	0.652193E-01
0.325074E+01	0.276345E+00	0.665932E-01
0.325348E+01	0.239638E+00	0.688111E-01
0.325621E+01	0.258273E+00	0.662250E-01
0.325895E+01	0.216396E+00	0.652801E-01
0.326168E+01	0.209546E+00	0.657319E-01
0.326442E+01	0.229654E+00	0.662733E-01
0.326715E+01	0.263507E+00	0.680261E-01
0.326989E+01	0.174090E+00	0.677643E-01
0.327262E+01	0.334978E+00	0.679081E-01
0.327536E+01	0.944925E-01	0.657771E-01
0.327809E+01	0.166088E+00	0.643146E-01
0.328083E+01	0.232456E+00	0.658137E-01
0.328356E+01	0.287632E+00	0.668310E-01
0.328630E+01	0.178200E+00	0.664288E-01
0.328903E+01	0.163021E+00	0.661108E-01
0.329177E+01	0.372232E+00	0.657555E-01
0.329450E+01	0.120418E+00	0.673546E-01
0.329724E+01	0.205021E+00	0.674975E-01
0.329997E+01	0.167987E+00	0.645144E-01
0.330271E+01	0.198965E+00	0.672031E-01
0.330544E+01	0.264306E+00	0.663785E-01
0.330818E+01	0.157234E+00	0.665777E-01
0.331091E+01	0.312537E+00	0.664836E-01
0.331365E+01	0.163223E+00	0.651483E-01
0.331638E+01	0.354521E+00	0.681564E-01
0.331912E+01	0.198427E+00	0.649571E-01
0.332185E+01	0.198239E+00	0.658459E-01
0.332459E+01	0.266681E+00	0.663314E-01
0.332732E+01	0.208084E+00	0.661744E-01
0.333006E+01	0.198892E+00	0.658945E-01
0.333279E+01	0.278070E+00	0.670797E-01
0.333553E+01	0.219936E+00	0.650741E-01
0.333826E+01	0.188203E+00	0.654255E-01
0.334100E+01	0.249689E+00	0.649652E-01
0.334373E+01	0.200047E+00	0.669368E-01
0.334647E+01	0.655068E-01	0.657572E-01
0.334920E+01	0.163641E+00	0.659114E-01
0.335194E+01	0.158212E+00	0.649564E-01
0.335467E+01	0.201015E+00	0.669311E-01
0.335741E+01	0.219082E+00	0.658149E-01
0.336014E+01	0.210106E+00	0.664558E-01
0.336288E+01	0.185762E+00	0.644488E-01
0.336561E+01	0.213538E+00	0.655304E-01
0.336835E+01	0.164149E+00	0.649644E-01
0.337108E+01	0.165453E+00	0.663113E-01
0.337382E+01	0.264499E+00	0.655816E-01
0.337656E+01	0.279378E+00	0.649482E-01
0.337929E+01	0.284978E+00	0.656886E-01
0.338203E+01	0.217376E+00	0.676280E-01
0.338476E+01	0.137126E+00	0.655603E-01
0.338750E+01	0.106193E+00	0.661034E-01
0.339023E+01	0.159182E+00	0.655887E-01
0.339297E+01	0.272773E+00	0.680142E-01
0.339570E+01	0.145611E+00	0.650475E-01
0.339844E+01	0.127158E+00	0.667367E-01
0.340117E+01	0.188452E+00	0.657025E-01
0.340391E+01	0.158493E+00	0.670045E-01
0.340664E+01	0.227911E+00	0.666321E-01
0.340938E+01	0.228962E+00	0.640513E-01
0.341211E+01	0.196076E+00	0.668150E-01
0.341485E+01	0.283035E+00	0.659350E-01
0.341758E+01	0.179622E+00	0.662313E-01
0.342032E+01	0.187027E+00	0.657852E-01
0.342305E+01	0.214501E+00	0.655214E-01
0.342579E+01	0.171829E+00	0.653080E-01
0.342852E+01	0.199772E+00	0.652982E-01
0.343126E+01	0.986991E-01	0.662878E-01
0.343399E+01	0.187765E+00	0.671631E-01
0.343673E+01	0.203278E+00	0.655371E-01
0.343946E+01	0.221590E+00	0.637829E-01
0.344220E+01	0.187844E+00	0.653509E-01
0.344493E+01	0.248938E+00	0.660322E-01
0.344767E+01	0.122426E+00	0.661197E-01
0.345040E+01	0.159747E+00	0.643698E-01
0.345314E+01	0.263206E+00	0.657196E-01
0.345587E+01	0.200182E+00	0.668478E-01
0.345861E+01	0.249554E+00	0.674519E-01
0.346134E+01	0.168655E+00	0.660587E-01
0.346408E+01	0.262269E+00	0.684236E-01
0.346681E+01	0.302515E+00	0.668507E-01
0.346955E+01	0.245783E+00	0.672692E-01
0.347228E+01	0.132371E+00	0.657637E-01
0.347502E+01	0.913790E-01	0.648743E-01
0.347775E+01	0.119637E+00	0.658460E-01
0.348049E+01	0.203106E+00	0.660392E-01
0.348322E+01	0.122462E+00	0.660255E-01
0.348596E+01	0.177584E+00	0.657885E-01
0.348869E+01	0.191213E+00	0.658700E-01
0.349143E+01	0.178217E+00	0.671984E-01
0.349416E+01	0.268874E+00	0.659297E-01
0.349690E+01	0.199940E+00	0.648052E-01
0.349963E+01	0.228989E+00	0.660642E-01
0.350237E+01	0.198442E+00	0.647551E-01
0.350510E+01	0.237530E+00	0.657031E-01
0.350784E+01	0.118057E+00	0.643883E-01
0.351057E+01	0.311508E+00	0.685744E-01
0.351331E+01	0.171762E+00	0.667109E-01
0.351604E+01	0.264102E+00	0.675682E-01
0.351878E+01	0.234936E+00	0.649720E-01
0.352151E+01	0.301529E+00	0.656999E-01
0.352425E+01	0.139603E+00	0.651317E-01
0.352698E+01	0.231895E+00	0.644194E-01
0.352972E+01	0.269846E+00	0.659156E-01
0.353245E+01	0.198116E+00	0.659337E-01
0.353519E+01	0.144514E+00	0.674218E-01
0.353793E+01	0.274007E+00	0.647236E-01
0.354066E+01	0.144988E+00	0.662466E-01
0.354340E+01	0.945444E-01	0.652673E-01
0.354613E+01	0.163546E+00	0.669388E-01
0.354887E+01	0.178978E+00	0.645069E-01
0.355160E+01	0.255941E+00	0.659985E-01
0.355434E+01	0.204166E+00	0.665745E-01
0.355707E+01	0.150821E+00	0.656337E-01
0.355981E+01	0.267644E+00	0.650177E-01
0.356254E+01	0.187005E+00	0.641679E-01
0.356528E+01	0.217848E+00	0.651140E-01
0.356801E+01	0.209421E+00	0.666475E-01
0.357075E+01	0.265061E+00	0.669346E-01
0.357348E+01	0.182281E+00	0.653304E-01
0.357622E+01	0.253469E+00	0.653328E-01
0.357895E+01	0.135864E+00	0.654251E-01
0.358169E+01	0.217409E+00	0.646359E-01
0.358442E+01	0.147906E+00	0.644872E-01
0.358716E+01	0.223980E+00	0.656601E-01
0.358989E+01	0.177667E+00	0.648979E-01
0.359263E+01	0.273059E+00	0.653378E-01
0.359536E+01	0.278562E+00	0.644770E-01
0.359810E+01	0.256089E+00	0.656381E-01
0.360083E+01	0.108916E+00	0.664388E-01
0.360357E+01	0.163923E+00	0.672497E-01
0.360630E+01	0.227801E+00	0.647005E-01
0.360904E+01	0.209914E+00	0.643495E-01
0.361177E+01	0.144696E+00	0.647096E-01
0.361451E+01	0.348784E+00	0.659887E-01
0.361724E+01	0.174906E+00	0.666050E-01
0.361998E+01	0.185215E+00	0.664794E-01
0.362271E+01	0.136626E+00	0.653651E-01
0.362545E+01	0.117214E+00	0.657257E-01
0.362818E+01	0.193759E+00	0.634760E-01
0.363092E+01	0.160654E+00	0.631786E-01
0.363365E+01	0.189877E+00	0.671996E-01
0.363639E+01	0.231884E+00	0.646802E-01
0.363912E+01	0.179924E+00	0.664212E-01
0.364186E+01	0.468485E-01	0.655711E-01
0.364459E+01	0.142668E+00	0.643628E-01
0.364733E+01	0.155255E+00	0.639132E-01
0.365006E+01	0.128717E+00	0.650429E-01
0.365280E+01	0.158187E+00	0.655169E-01
0.365553E+01	0.197052E+00	0.654586E-01
0.365827E+01	0.156769E+00	0.642368E-01
0.366100E+01	0.191687E+00	0.670049E-01
0.366374E+01	0.175935E+00	0.660584E-01
0.366647E+01	0.155054E+00	0.653849E-01
0.366921E+01	0.202181E+00	0.643749E-01
0.367194E+01	0.198386E+00	0.641804E-01
0.367468E+01	0.997337E-01	0.654871E-01
0.367741E+01	0.322978E+00	0.655362E-01
0.368015E+01	0.999173E-01	0.656946E-01
0.368288E+01	0.134010E+00	0.662563E-01
0.368562E+01	0.294808E+00	0.650992E-01
0.368835E+01	0.250599E+00	0.655688E-01
0.369109E+01	0.179468E+00	0.650221E-01
0.369383E+01	0.131330E+00	0.655955E-01
0.369656E+01	0.249346E+00	0.645953E-01
0.369930E+01	0.272541E+00	0.652892E-01
0.370203E+01	0.185585E+00	0.659592E-01
0.370477E+01	0.189557E+00	0.649037E-01
0.370750E+01	0.114693E+00	0.652239E-01
0.371024E+01	0.292978E+00	0.668243E-01
0.371297E+01	0.217508E+00	0.663503E-01
0.371571E+01	0.993086E-01	0.656166E-01
0.371844E+01	0.267354E+00	0.648922E-01
0.372118E+01	0.756494E-01	0.671397E-01
0.372391E+01	0.104560E+00	0.642986E-01
0.372665E+01	0.223367E+00	0.647362E-01
0.372938E+01	0.200075E+00	0.652222E-01
0.373212E+01	0.243126E+00	0.663858E-01
0.373485E+01	0.153433E+00	0.651868E-01
0.373759E+01	0.735849E-01	0.668961E-01
0.374032E+01	0.253763E+00	0.652079E-01
0.374306E+01	0.147091E+00	0.673319E-01
0.374579E+01	0.123173E+00	0.644301E-01
0.374853E+01	0.184506E+00	0.649710E-01
0.375126E+01	0.177420E+00	0.651462E-01
0.375400E+01	0.124745E+00	0.654081E-01
0.375673E+01	0.217798E+00	0.644233E-01
0.375947E+01	0.222894E+00	0.658421E-01
0.376220E+01	0.171452E+00	0.665029E-01
0.376494E+01	0.150438E+00	0.664238E-01
0.376767E+01	0.112283E+00	0.639817E-01
0.377041E+01	0.262081E+00	0.666078E-01
0.377314E+01	0.203512E+00	0.638700E-01
0.377588E+01	0.114434E+00	0.648883E-01
0.377861E+01	0.191954E+00	0.671845E-01
0.378135E+01	0.207263E+00	0.648140E-01
0.378408E+01	0.141418E+00	0.648382E-01
0.378682E+01	0.189165E+00	0.657587E-01
0.378955E+01	0.184886E+00	0.663234E-01
0.379229E+01	0.201894E+00	0.634702E-01
0.379502E+01	0.895645E-01	0.653653E-01
0.379776E+01	0.141268E+00	0.666338E-01
0.380049E+01	0.246341E+00	0.654260E-01
0.380323E+01	0.199681E+00	0.631192E-01
0.380596E+01	0.223334E+00	0.643205E-01
0.380870E+01	0.132738E+00	0.660241E-01
0.381143E+01	0.111120E+00	0.647222E-01
0.381417E+01	0.750893E-01	0.650955E-01
0.381690E+01	0.133316E+00	0.651158E-01
0.381964E+01	0.170885E+00	0.658618E-01
0.382237E+01	0.246973E+00	0.644736E-01
0.382511E+01	0.167334E+00	0.635467E-01
0.382784E+01	0.939935E-01	0.661764E-01
0.383058E+01	0.260708E+00	0.663171E-01
0.383331E+01	0.312636E+00	0.647693E-01
0.383605E+01	0.232561E+00	0.646618E-01
0.383878E+01	0.827708E-01	0.644829E-01
0.384152E+01	0.932450E-01	0.648607E-01
0.384425E+01	0.221635E+00	0.646258E-01
0.384699E+01	0.223947E+00	0.648120E-01
0.384972E+01	0.115568E+00	0.630686E-01
0.385246E+01	0.206445E+00	0.655510E-01
0.385520E+01	0.352765E-01	0.634999E-01
0.385793E+01	0.156116E+00	0.659471E-01
0.386067E+01	0.174183E+00	0.644031E-01
0.386340E+01	0.251034E+00	0.657929E-01
0.386614E+01	0.133041E+00	0.635421E-01
0.386887E+01	0.158580E+00	0.645060E-01
0.387161E+01	0.220049E+00	0.664131E-01
0.387434E+01	0.178152E+00	0.639069E-01
0.387708E+01	0.149008E+00	0.653194E-01
0.387981E+01	0.163752E+00	0.660895E-01
0.388255E+01	0.202328E+00	0.656545E-01
0.388528E+01	0.106165E+00	0.650001E-01
0.388802E+01	0.306647E+00	0.685485E-01
0.389075E+01	0.251449E+00	0.641038E-01
0.389349E+01	0.201831E+00	0.672692E-01
0.389622E+01	0.297863E+00	0.656057E-01
0.389896E+01	0.187094E+00	0.658761E-01
0.390169E+01	0.155071E+00	0.654904E-01
0.390443E+01	0.232948E+00	0.639708E-01
0.390716E+01	0.341543E+00	0.660152E-01
0.390990E+01	0.117811E+00	0.649780E-01
0.391263E+01	0.127731E+00	0.653547E-01
0.391537E+01	0.268512E+00	0.655645E-01
0.391810E+01	0.219259E+00	0.660295E-01
0.392084E+01	0.133274E+00	0.643033E-01
0.392357E+01	0.297415E+00	0.667052E-01
0.392631E+01	0.161407E+00	0.654825E-01
0.392904E+01	-0.228723E-02	0.661884E-01
0.393178E+01	0.219839E+00	0.674417E-01
0.393451E+01	0.753233E-01	0.642813E-01
0.393725E+01	0.136365E+00	0.750330E-01
0.393998E+01	0.199669E+00	0.820938E-01
0.394272E+01	0.271767E+00	0.844080E-01
0.394545E+01	0.325559E-01	0.882124E-01
0.394819E+01	0.248035E+00	0.979210E-01
0.395092E+01	0.838807E-01	0.945514E-01
0.395366E+01	0.171974E+00	0.101172E+00
0.395639E+01	0.117843E+00	0.100723E+00
0.395913E+01	0.284765E+00	0.104241E+00
0.396186E+01	0.246747E+00	0.107165E+00
0.396460E+01	0.112227E+00	0.900666E-01
0.396733E+01	0.206065E+00	0.793633E-01
0.397007E+01	0.227643E+00	0.750057E-01
0.397280E+01	0.195475E+00	0.719287E-01
0.397554E+01	0.213960E+00	0.705983E-01
0.397827E+01	0.309562E-01	0.713145E-01
0.398101E+01	0.146099E+00	0.721638E-01
0.398374E+01	0.202079E+00	0.696088E-01
0.398648E+01	0.283836E+00	0.709628E-01
0.398921E+01	0.162305E+00	0.711939E-01
0.399195E+01	0.255927E+00	0.717686E-01
0.399468E+01	0.111248E+00	0.695877E-01
0.399742E+01	0.148238E+00	0.696870E-01
0.400015E+01	0.439064E-01	0.687461E-01
0.400289E+01	0.127487E+00	0.679713E-01
0.400562E+01	0.165920E+00	0.685647E-01
0.400836E+01	0.164292E+00	0.690049E-01
0.401110E+01	0.113589E+00	0.678507E-01
0.401383E+01	0.295786E+00	0.676340E-01
0.401657E+01	0.230748E+00	0.682907E-01
0.401930E+01	0.973259E-01	0.660933E-01
0.402204E+01	0.214176E+00	0.686196E-01
0.402477E+01	0.939243E-02	0.670731E-01
0.402751E+01	0.229530E+00	0.667621E-01
0.403024E+01	0.953780E-01	0.672532E-01
0.403298E+01	0.207538E+00	0.672511E-01
0.403571E+01	0.180185E+00	0.661340E-01
0.403845E+01	0.780213E-01	0.658732E-01
0.404118E+01	0.169601E+00	0.657576E-01
0.404392E+01	0.228888E+00	0.664021E-01
0.404665E+01	0.239816E+00	0.640383E-01
0.404939E+01	0.147750E+00	0.629473E-01
0.405212E+01	0.132385E+00	0.624679E-01
0.405486E+01	0.231602E+00	0.657628E-01
0.405759E+01	0.928011E-01	0.635361E-01
0.406033E+01	0.130143E+00	0.629941E-01
0.406306E+01	0.233965E+00	0.653515E-01
0.406580E+01	0.154990E+00	0.637676E-01
0.406853E+01	0.242168E+00	0.637491E-01
0.407127E+01	0.190870E+00	0.640579E-01
0.407400E+01	0.142507E+00	0.644534E-01
0.407674E+01	0.163325E+00	0.629192E-01
0.407947E+01	0.120215E+00	0.640593E-01
0.408221E+01	0.239397E+00	0.648717E-01
0.408494E+01	0.252482E+00	0.629675E-01
0.408768E+01	0.159285E+00	0.639115E-01
0.409041E+01	0.204405E+00	0.652369E-01
0.409315E+01	0.225076E+00	0.647894E-01
0.409588E+01	0.249305E+00	0.651731E-01
0.409862E+01	0.151049E+00	0.654284E-01
0.410135E+01	0.244053E+00	0.653450E-01
0.410409E+01	0.178111E+00	0.641401E-01
0.410682E+01	0.152911E+00	0.637306E-01
0.410956E+01	0.181470E+00	0.637024E-01
0.411229E+01	0.171060E+00	0.636191E-01
0.411503E+01	0.126435E+00	0.632219E-01
0.411776E+01	0.211979E+00	0.650419E-01
0.412050E+01	0.317645E+00	0.647200E-01
0.412323E+01	0.181071E+00	0.638651E-01
0.412597E+01	0.116838E+00	0.660655E-01
0.412870E+01	0.189436E+00	0.656540E-01
0.413144E+01	0.277757E+00	0.662112E-01
0.413417E+01	0.169227E+00	0.646271E-01
0.413691E+01	0.248054E+00	0.643049E-01
0.413964E+01	0.308476E+00	0.647283E-01
0.414238E+01	0.253106E+00	0.645172E-01
0.414511E+01	0.272323E+00	0.653655E-01
0.414785E+01	0.179863E+00	0.656367E-01
0.415058E+01	0.951007E-01	0.639863E-01
0.415332E+01	0.181676E+00	0.651133E-01
0.415605E+01	0.890366E-01	0.640335E-01
0.415879E+01	0.212022E+00	0.646655E-01
0.416152E+01	0.145008E+00	0.623645E-01
0.416426E+01	0.318882E+00	0.655037E-01
0.416699E+01	0.239501E+00	0.653561E-01
0.416973E+01	0.149313E+00	0.656118E-01
0.417247E+01	0.137879E+00	0.635258E-01
0.417520E+01	0.177713E+00	0.649727E-01
0.417794E+01	0.940467E-01	0.630121E-01
0.418067E+01	0.895107E-01	0.654579E-01
0.418341E+01	0.899672E-01	0.631442E-01
0.418614E+01	0.202615E+00	0.651040E-01
0.418888E+01	0.166199E+00	0.649732E-01
0.419161E+01	0.120310E+00	0.644472E-01
0.419435E+01	0.180716E+00	0.653612E-01
0.419708E+01	0.130390E+00	0.650834E-01
0.419982E+01	0.969958E-01	0.655156E-01
0.420255E+01	0.199057E+00	0.640039E-01
0.420529E+01	0.149275E+00	0.658586E-01
0.420802E+01	0.207999E+00	0.658173E-01
0.421076E+01	0.174096E+00	0.660496E-01
0.421349E+01	0.209210E+00	0.650526E-01
0.421623E+01	0.128664E+00	0.638119E-01
0.421896E+01	0.116975E+00	0.645040E-01
0.422170E+01	0.220831E+00	0.642531E-01
0.422443E+01	0.133401E+00	0.641794E-01
0.422717E+01	0.195828E+00	0.661481E-01
0.422990E+01	0.263763E+00	0.628881E-01
0.423264E+01	0.166768E+00	0.656449E-01
0.423537E+01	0.163046E+00	0.642643E-01
0.423811E+01	0.254851E+00	0.635658E-01
0.424084E+01	0.184093E+00	0.652837E-01
0.424358E+01	0.241785E+00	0.669993E-01
0.424631E+01	0.280826E+00	0.639476E-01
0.424905E+01	0.256440E+00	0.643967E-01
0.425178E+01	0.206695E+00	0.644891E-01
0.425452E+01	0.155887E+00	0.646492E-01
0.425725E+01	0.180043E+00	0.641966E-01
0.425999E+01	0.887344E-01	0.625221E-01
0.426272E+01	0.808161E+00	0.687658E-01
0.426546E+01	0.233316E+00	0.648694E-01
0.426819E+01	0.170463E+00	0.635497E-01
0.427093E+01	0.167422E+00	0.640969E-01
0.427366E+01	0.266296E+00	0.659808E-01
0.427640E+01	0.588578E-01	0.645601E-01
0.427913E+01	0.159532E+00	0.643493E-01
0.428187E+01	0.246684E+00	0.642766E-01
0.428460E+01	0.149507E+00	0.640296E-01
0.428734E+01	0.871968E-01	0.651126E-01
0.429007E+01	0.238610E+00	0.645944E-01
0.429281E+01	0.196622E+00	0.641917E-01
0.429554E+01	0.200156E+00	0.627220E-01
0.429828E+01	0.131664E+00	0.653963E-01
0.430101E+01	0.235483E+00	0.646683E-01
0.430375E+01	0.117367E+00	0.636644E-01
0.430648E+01	0.178945E+00	0.644999E-01
0.430922E+01	0.229711E+00	0.640807E-01
0.431195E+01	0.230074E+00	0.621629E-01
0.431469E+01	0.180706E+00	0.657557E-01
0.431742E+01	0.928638E-01	0.629579E-01
0.432016E+01	0.269417E+00	0.638259E-01
0.432289E+01	0.180667E+00	0.656597E-01
0.432563E+01	0.185352E+00	0.644999E-01
0.432837E+01	0.212706E+00	0.654811E-01
0.433110E+01	0.163356E+00	0.654741E-01
0.433384E+01	0.181503E+00	0.639427E-01
0.433657E+01	0.229485E+00	0.641674E-01
0.433931E+01	0.184260E+00	0.641393E-01
0.434204E+01	0.201548E+00	0.645711E-01
0.434478E+01	0.221226E+00	0.653407E-01
0.434751E+01	0.149414E+00	0.652081E-01
0.435025E+01	0.222174E+00	0.642429E-01
0.435298E+01	0.445537E-01	0.643599E-01
0.435572E+01	0.195710E+00	0.625125E-01
0.435845E+01	0.205880E+00	0.655866E-01
0.436119E+01	0.335102E+00	0.631011E-01
0.436392E+01	0.324533E+00	0.641886E-01
0.436666E+01	0.801429E-01	0.643668E-01
0.436939E+01	0.296563E+00	0.657384E-01
0.437213E+01	0.105203E+00	0.646530E-01
0.437486E+01	0.197617E+00	0.645173E-01
0.437760E+01	0.117904E+00	0.644982E-01
0.438033E+01	0.144582E+00	0.641681E-01
0.438307E+01	0.166726E+00	0.633765E-01
0.438580E+01	0.199841E+00	0.648871E-01
0.438854E+01	0.135347E+00	0.641684E-01
0.439127E+01	0.225375E+00	0.656525E-01
0.439401E+01	0.111101E+00	0.644207E-01
0.439674E+01	0.336328E-01	0.647521E-01
0.439948E+01	0.238371E+00	0.644666E-01
0.440221E+01	0.224632E+00	0.643643E-01
0.440495E+01	0.140693E+00	0.643800E-01
0.440768E+01	0.152406E+00	0.646519E-01
0.441042E+01	0.211414E+00	0.633551E-01
0.441315E+01	0.225492E+00	0.652366E-01
0.441589E+01	0.128852E+00	0.644555E-01
0.441862E+01	0.342992E+00	0.646055E-01
0.442136E+01	0.251643E+00	0.644199E-01
0.442409E+01	0.217537E+00	0.651980E-01
0.442683E+01	0.203402E+00	0.630928E-01
0.442956E+01	0.329893E+00	0.668397E-01
0.443230E+01	0.160672E+00	0.656627E-01
0.443503E+01	0.175460E+00	0.649940E-01
0.443777E+01	0.196167E+00	0.646352E-01
0.444050E+01	0.272454E+00	0.657040E-01
0.444324E+01	0.213608E+00	0.641146E-01
0.444597E+01	0.177502E+00	0.640718E-01
0.444871E+01	0.262515E+00	0.642533E-01
0.445144E+01	0.986755E-01	0.642776E-01
0.445418E+01	0.153145E+00	0.642183E-01
0.445691E+01	0.258451E+00	0.632801E-01
0.445965E+01	0.134613E+00	0.636629E-01
0.446238E+01	0.204070E+00	0.649770E-01
0.446512E+01	0.223818E+00	0.633901E-01
0.446785E+01	0.103787E+00	0.638527E-01
0.447059E+01	0.176183E+00	0.663882E-01
0.447332E+01	0.192353E+00	0.652064E-01
0.447606E+01	0.211762E+00	0.637909E-01
0.447879E+01	0.246717E+00	0.628105E-01
0.448153E+01	0.186020E+00	0.641893E-01
0.448426E+01	0.187559E+00	0.642568E-01
0.448700E+01	0.203155E+00	0.632379E-01
0.448974E+01	0.155773E+00	0.640454E-01
0.449247E+01	0.104313E+00	0.658946E-01
0.449521E+01	0.184314E+00	0.630897E-01
0.449794E+01	0.136403E+00	0.659659E-01
0.450068E+01	0.149483E+00	0.648865E-01
0.450341E+01	0.150059E+00	0.643526E-01
0.450615E+01	0.151131E+00	0.630873E-01
0.450888E+01	0.275713E+00	0.631969E-01
0.451162E+01	0.189832E+00	0.661063E-01
0.451435E+01	0.186246E+00	0.634831E-01
0.451709E+01	0.210903E+00	0.649182E-01
0.451982E+01	0.157887E+00	0.638343E-01
0.452256E+01	0.242995E+00	0.639061E-01
0.452529E+01	0.257740E+00	0.645579E-01
0.452803E+01	0.140824E+00	0.645506E-01
0.453076E+01	0.289545E+00	0.644339E-01
0.453350E+01	0.248924E+00	0.649850E-01
0.453623E+01	0.192725E+00	0.639837E-01
0.453897E+01	0.189056E+00	0.653536E-01
0.454170E+01	0.119899E+00	0.632631E-01
0.454444E+01	0.172224E+00	0.653975E-01
0.454717E+01	0.209120E+00	0.643108E-01
0.454991E+01	0.122130E+00	0.635665E-01
0.455264E+01	0.197187E+00	0.638591E-01
0.455538E+01	0.191521E+00	0.655006E-01
0.455811E+01	0.151129E+00	0.656755E-01
0.456085E+01	0.245629E+00	0.633057E-01
0.456358E+01	0.100601E+00	0.657095E-01
0.456632E+01	0.122728E+00	0.662137E-01
0.456905E+01	0.145878E+00	0.653859E-01
0.457179E+01	0.200009E+00	0.633046E-01
0.457452E+01	0.261585E+00	0.669655E-01
0.457726E+01	0.181131E+00	0.646156E-01
0.457999E+01	0.287581E+00	0.640784E-01
0.458273E+01	0.233567E+00	0.632741E-01
0.458546E+01	0.171022E+00	0.633724E-01
0.458820E+01	0.122608E+00	0.635827E-01
0.459093E+01	0.197105E+00	0.659252E-01
0.459367E+01	0.201005E+00	0.650920E-01
0.459640E+01	0.264432E+00	0.651201E-01
0.459914E+01	0.238875E+00	0.650004E-01
0.460187E+01	0.331764E+00	0.648906E-01
0.460461E+01	0.181190E+00	0.655693E-01
0.460734E+01	0.169600E+00	0.647703E-01
0.461008E+01	0.762807E-01	0.641299E-01
0.461281E+01	0.194367E+00	0.651668E-01
0.461555E+01	0.136116E+00	0.644947E-01
0.461828E+01	0.101186E+00	0.643429E-01
0.462102E+01	0.202289E+00	0.628079E-01
0.462375E+01	0.182830E+00	0.645633E-01
0.462649E+01	0.991175E-01	0.631224E-01
0.462922E+01	0.309476E+00	0.662300E-01
0.463196E+01	0.134071E+00	0.631138E-01
0.463469E+01	0.182289E+00	0.641748E-01
0.463743E+01	0.177099E+00	0.644362E-01
0.464016E+01	0.198272E+00	0.650288E-01
0.464290E+01	0.183175E+00	0.653535E-01
0.464564E+01	0.111840E+00	0.647706E-01
0.464837E+01	0.127495E+00	0.638763E-01
0.465111E+01	0.184633E+00	0.662461E-01
0.465384E+01	0.123117E+00	0.635635E-01
0.465658E+01	0.222604E+00	0.646454E-01
0.465931E+01	0.170224E+00	0.641103E-01
0.466205E+01	0.228509E+00	0.652967E-01
0.466478E+01	0.211436E+00	0.657322E-01
0.466752E+01	0.714531E-01	0.624871E-01
0.467025E+01	0.178257E+00	0.664772E-01
0.467299E+01	0.178951E+00	0.646715E-01
0.467572E+01	0.186241E+00	0.643337E-01
0.467846E+01	0.229272E+00	0.651769E-01
0.468119E+01	0.164316E+00	0.648259E-01
0.468393E+01	0.256091E+00	0.656322E-01
0.468666E+01	0.171306E+00	0.639741E-01
0.468940E+01	0.100486E+00	0.642554E-01
0.469213E+01	0.106332E+00	0.656739E-01
0.469487E+01	0.190549E+00	0.665673E-01
0.469760E+01	0.189566E+00	0.645819E-01
0.470034E+01	0.149480E+00	0.643335E-01
0.470307E+01	0.156228E+00	0.651355E-01
0.470581E+01	0.181473E+00	0.640403E-01
0.470854E+01	0.167362E+00	0.660887E-01
0.471128E+01	0.176967E+00	0.646510E-01
0.471401E+01	0.251384E+00	0.652167E-01
0.471675E+01	0.124948E+00	0.662425E-01
0.471948E+01	0.171131E+00	0.641899E-01
0.472222E+01	0.662962E-01	0.656960E-01
0.472495E+01	0.176300E+00	0.660090E-01
0.472769E+01	0.254574E+00	0.652323E-01
0.473042E+01	0.260310E+00	0.634975E-01
0.473316E+01	0.209613E+00	0.647589E-01
0.473589E+01	0.268053E+00	0.656970E-01
0.473863E+01	0.234531E+00	0.648177E-01
0.474136E+01	0.221904E+00	0.663533E-01
0.474410E+01	0.176020E+00	0.636395E-01
0.474683E+01	0.159066E+00	0.651365E-01
0.474957E+01	0.161919E+00	0.653700E-01
0.475230E+01	0.219935E+00	0.652918E-01
0.475504E+01	0.182786E+00	0.640951E-01
0.475777E+01	0.273359E+00	0.629631E-01
0.476051E+01	0.242454E+00	0.643939E-01
0.476324E+01	0.237520E+00	0.644997E-01
0.476598E+01	0.219746E+00	0.644287E-01
0.476871E+01	0.145489E-01	0.645549E-01
0.477145E+01	0.154337E+00	0.653859E-01
0.477418E+01	0.292538E+00	0.658165E-01
0.477692E+01	0.145932E+00	0.643899E-01
0.477965E+01	0.235754E+00	0.653099E-01
0.478239E+01	0.138801E+00	0.645513E-01
0.478512E+01	0.827109E-01	0.642186E-01
0.478786E+01	0.151433E+00	0.637000E-01
0.479059E+01	0.170154E+00	0.663477E-01
0.479333E+01	0.727698E-01	0.665428E-01
0.479606E+01	0.632603E-01	0.644793E-01
0.479880E+01	0.195924E+00	0.639401E-01
0.480153E+01	0.211733E+00	0.652210E-01
0.480427E+01	0.249549E+00	0.664160E-01
0.480701E+01	0.157237E+00	0.641383E-01
0.480974E+01	0.153506E+00	0.657079E-01
0.481248E+01	0.211969E+00	0.643282E-01
0.481521E+01	0.196560E+00	0.657653E-01
0.481795E+01	0.230398E+00	0.635092E-01
0.482068E+01	0.185461E+00	0.640348E-01
0.482342E+01	0.203583E+00	0.653162E-01
0.482615E+01	0.178945E+00	0.643147E-01
0.482889E+01	0.218778E+00	0.659069E-01
0.483162E+01	0.243841E+00	0.644902E-01
0.483436E+01	0.186682E+00	0.665971E-01
0.483709E+01	0.161665E+00	0.655976E-01
0.483983E+01	0.174081E+00	0.642298E-01
0.484256E+01	0.155021E+00	0.633640E-01
0.484530E+01	-0.102915E-01	0.660954E-01
0.484803E+01	0.138936E+00	0.653507E-01
0.485077E+01	0.160862E+00	0.637139E-01
0.485350E+01	0.252158E+00	0.655672E-01
0.485624E+01	0.162653E+00	0.664307E-01
0.485897E+01	0.167495E+00	0.655591E-01
0.486171E+01	0.248513E+00	0.650132E-01
0.486444E+01	0.185030E+00	0.646683E-01
0.486718E+01	0.146468E+00	0.670854E-01
0.486991E+01	0.728062E-01	0.639521E-01
0.487265E+01	0.168715E+00	0.640741E-01
0.487538E+01	0.209643E+00	0.649002E-01
0.487812E+01	0.199263E+00	0.654691E-01
0.488085E+01	0.180937E+00	0.668248E-01
0.488359E+01	0.238135E+00	0.660730E-01
0.488632E+01	0.153576E+00	0.654389E-01
0.488906E+01	0.140086E+00	0.636107E-01
0.489179E+01	0.277211E+00	0.639516E-01
0.489453E+01	0.159370E+00	0.659508E-01
0.489726E+01	0.253291E+00	0.655130E-01
0.490000E+01	0.245655E+00	0.634766E-01
0.490273E+01	0.228070E+00	0.649994E-01
0.490547E+01	0.214012E+00	0.651463E-01
0.490820E+01	0.130891E+00	0.641492E-01
0.491094E+01	0.214956E+00	0.664077E-01
0.491367E+01	0.266142E+00	0.662805E-01
0.491641E+01	0.117671E+00	0.665733E-01
0.491914E+01	0.201260E+00	0.639431E-01
0.492188E+01	0.809473E-01	0.651231E-01
0.492461E+01	0.243910E+00	0.652017E-01
0.492735E+01	0.170202E+00	0.662966E-01
0.493008E+01	0.163550E+00	0.631993E-01
0.493282E+01	0.338585E+00	0.659289E-01
0.493555E+01	0.189961E+00	0.659279E-01
0.493829E+01	0.993623E-01	0.666326E-01
0.494102E+01	0.224372E+00	0.648893E-01
0.494376E+01	0.208245E+00	0.670265E-01
0.494649E+01	0.314362E+00	0.661913E-01
0.494923E+01	0.218338E+00	0.659490E-01
0.495196E+01	0.187228E+00	0.654956E-01
0.495470E+01	0.123593E+00	0.683157E-01
0.495743E+01	0.173526E+00	0.634673E-01
0.496017E+01	0.193922E+00	0.638292E-01
0.496290E+01	0.106225E+00	0.659046E-01
0.496564E+01	0.127505E+00	0.661749E-01
0.496838E+01	0.242605E+00	0.667596E-01
0.497111E+01	0.193821E+00	0.654569E-01
0.497385E+01	0.118212E+00	0.663067E-01
0.497658E+01	0.133827E+00	0.653109E-01
0.497932E+01	0.152385E+00	0.664623E-01
0.498205E+01	0.142008E+00	0.657441E-01
0.498479E+01	0.199932E+00	0.656479E-01
0.498752E+01	0.108604E+00	0.652482E-01
0.499026E+01	0.115749E+00	0.647780E-01
0.499299E+01	0.122484E+00	0.639586E-01
0.499573E+01	0.815179E-01	0.651896E-01
0.499846E+01	0.188795E+00	0.654973E-01
0.500120E+01	0.246849E+00	0.654339E-01
0.500393E+01	0.151265E+00	0.633505E-01
0.500667E+01	0.316391E+00	0.660926E-01
0.500940E+01	0.188731E+00	0.665273E-01
0.501214E+01	0.209472E+00	0.649512E-01
0.501487E+01	0.183294E+00	0.659175E-01
0.501761E+01	0.163236E+00	0.678245E-01
0.502034E+01	0.103697E+00	0.670491E-01
0.502308E+01	0.203206E+00	0.674953E-01
0.502581E+01	0.134002E+00	0.653838E-01
0.502855E+01	0.174141E+00	0.656404E-01
0.503128E+01	0.260751E+00	0.655148E-01
0.503402E+01	0.201660E+00	0.681889E-01
0.503675E+01	0.901771E-01	0.655931E-01
0.503949E+01	0.171949E+00	0.664666E-01
0.504222E+01	0.136227E+00	0.654966E-01
0.504496E+01	0.141565E+00	0.660583E-01
0.504769E+01	0.181592E+00	0.671963E-01
0.505043E+01	0.346098E+00	0.644771E-01
0.505316E+01	0.210333E+00	0.668067E-01
0.505590E+01	0.202132E+00	0.652427E-01
0.505863E+01	0.280173E+00	0.663155E-01
0.506137E+01	0.138003E+00	0.652129E-01
0.506410E+01	0.117423E+00	0.663957E-01
0.506684E+01	0.305537E+00	0.670104E-01
0.506957E+01	0.142750E+00	0.648790E-01
0.507231E+01	0.123460E+00	0.645276E-01
0.507504E+01	0.200716E+00	0.661293E-01
0.507778E+01	0.345095E+00	0.666578E-01
0.508051E+01	0.234079E+00	0.657336E-01
0.508325E+01	0.175631E+00	0.666082E-01
0.508598E+01	0.963004E-01	0.655045E-01
0.508872E+01	0.113008E+00	0.644750E-01
0.509145E+01	0.211802E+00	0.668488E-01
0.509419E+01	0.206392E+00	0.674578E-01
0.509692E+01	0.229957E+00	0.667544E-01
0.509966E+01	0.174068E+00	0.656305E-01
0.510239E+01	0.262592E+00	0.667486E-01
0.510513E+01	0.614542E-01	0.659670E-01
0.510786E+01	0.147454E+00	0.672644E-01
0.511060E+01	0.120773E+00	0.654835E-01
0.511333E+01	0.934563E-01	0.661356E-01
0.511607E+01	0.149794E+00	0.650593E-01
0.511880E+01	0.250997E+00	0.655821E-01
0.512154E+01	0.277722E+00	0.672430E-01
0.512428E+01	0.216907E+00	0.686865E-01
0.512701E+01	0.159999E+00	0.675688E-01
0.512975E+01	0.771585E-01	0.655398E-01
0.513248E+01	0.884635E-01	0.639811E-01
0.513522E+01	0.182040E+00	0.650194E-01
0.513795E+01	0.156482E+00	0.661366E-01
0.514069E+01	0.158009E+00	0.647982E-01
0.514342E+01	0.249074E+00	0.669255E-01
0.514616E+01	0.278032E+00	0.666989E-01
0.514889E+01	0.213150E+00	0.654255E-01
0.515163E+01	0.188161E+00	0.668714E-01
0.515436E+01	0.310996E+00	0.679361E-01
0.515710E+01	0.254187E+00	0.670456E-01
0.515983E+01	0.174215E+00	0.662738E-01
0.516257E+01	0.281981E+00	0.666574E-01
0.516530E+01	0.261144E+00	0.666458E-01
0.516804E+01	0.113310E+00	0.677961E-01
0.517077E+01	0.243591E+00	0.681444E-01
0.517351E+01	0.156541E+00	0.673504E-01
0.517624E+01	0.259391E+00	0.647610E-01
0.517898E+01	0.894264E-01	0.666448E-01
0.518171E+01	0.171830E+00	0.664084E-01
0.518445E+01	0.264995E+00	0.654622E-01
0.518718E+01	0.295938E+00	0.662855E-01
0.518992E+01	0.221706E+00	0.646447E-01
0.519265E+01	0.264969E+00	0.655853E-01
0.519539E+01	0.206659E+00	0.675530E-01
0.519812E+01	0.247676E+00	0.656602E-01
0.520086E+01	0.254910E+00	0.671489E-01
0.520359E+01	0.176098E+00	0.652843E-01
0.520633E+01	0.178201E+00	0.664943E-01
0.520906E+01	0.242962E+00	0.658520E-01
0.521180E+01	0.183290E+00	0.645907E-01
0.521453E+01	0.258387E+00	0.655239E-01
0.521727E+01	0.141142E+00	0.671800E-01
0.522000E+01	0.149664E+00	0.662142E-01
0.522274E+01	0.187311E+00	0.658531E-01
0.522547E+01	0.172580E+00	0.664627E-01
0.522821E+01	0.164390E+00	0.679967E-01
0.523094E+01	0.579308E-01	0.661539E-01
0.523368E+01	0.315669E+00	0.667083E-01
0.523641E+01	0.246192E+00	0.679481E-01
0.523915E+01	0.126955E+00	0.652652E-01
0.524188E+01	0.198144E+00	0.657055E-01
0.524462E+01	0.231707E+00	0.662258E-01
0.524735E+01	0.239739E+00	0.681248E-01
0.525009E+01	0.159125E+00	0.659714E-01
0.525282E+01	0.161832E+00	0.668269E-01
0.525556E+01	0.268494E+00	0.662501E-01
0.525829E+01	0.203063E+00	0.673260E-01
0.526103E+01	0.274050E+00	0.651077E-01
0.526376E+01	0.301046E+00	0.673358E-01
0.526650E+01	0.223311E+00	0.674974E-01
0.526923E+01	0.327942E+00	0.645140E-01
0.527197E+01	0.251772E+00	0.660775E-01
0.527470E+01	0.330212E+00	0.666146E-01
0.527744E+01	0.201325E+00	0.678026E-01
0.528017E+01	0.114920E+00	0.669286E-01
0.528291E+01	0.176257E+00	0.688660E-01
0.528565E+01	0.182101E+00	0.660900E-01
0.528838E+01	0.441315E-01	0.781673E-01
0.529112E+01	0.407118E+00	0.836523E-01
0.529385E+01	0.171549E+00	0.904744E-01
0.529659E+01	0.233633E+00	0.979404E-01
0.529932E+01	0.311643E+00	0.973168E-01
0.530206E+01	0.169165E+00	0.962724E-01
0.530479E+01	0.201614E+00	0.108864E+00
0.530753E+01	0.271611E+00	0.114628E+00
0.531026E+01	0.183348E+00	0.118748E+00
0.531300E+01	0.118434E+00	0.905813E-01
0.531573E+01	0.269799E+00	0.809206E-01
0.531847E+01	0.169657E+00	0.773196E-01
0.532120E+01	0.167115E+00	0.749440E-01
0.532394E+01	0.186631E+00	0.748488E-01
0.532667E+01	0.107946E+00	0.731497E-01
0.532941E+01	0.263052E+00	0.730238E-01
0.533214E+01	0.147628E+00	0.738898E-01
0.533488E+01	0.246443E+00	0.726175E-01
0.533761E+01	0.578686E-02	0.741928E-01
0.534035E+01	0.864968E-01	0.739602E-01
0.534308E+01	0.161570E+00	0.728372E-01
0.534582E+01	0.185173E+00	0.741145E-01
0.534855E+01	0.117748E+00	0.755670E-01
0.535129E+01	0.338073E+00	0.730207E-01
0.535402E+01	0.136821E+00	0.724886E-01
0.535676E+01	0.202114E+00	0.704857E-01
0.535949E+01	0.237332E+00	0.722626E-01
0.536223E+01	0.221239E+00	0.690113E-01
0.536496E+01	0.232481E+00	0.703145E-01
0.536770E+01	0.179890E+00	0.682718E-01
0.537043E+01	0.186261E+00	0.686797E-01
0.537317E+01	0.289402E+00	0.666412E-01
0.537590E+01	0.133912E+00	0.667492E-01
0.537864E+01	0.146436E+00	0.673068E-01
0.538137E+01	0.985946E-01	0.683436E-01
0.538411E+01	0.105141E+00	0.672086E-01
0.538684E+01	0.144141E+00	0.672637E-01
0.538958E+01	0.196001E+00	0.655140E-01
0.539231E+01	0.206470E+00	0.670017E-01
0.539505E+01	0.139909E+00	0.694076E-01
0.539778E+01	0.583589E-01	0.670110E-01
0.540052E+01	0.177126E+00	0.662206E-01
0.540325E+01	0.138224E+00	0.674162E-01
0.540599E+01	0.507383E-01	0.652233E-01
0.540872E+01	0.157137E+00	0.653549E-01
0.541146E+01	0.188218E+00	0.667335E-01
0.541419E+01	0.300982E+00	0.695918E-01
0.541693E+01	0.134757E+00	0.665891E-01
0.541966E+01	0.377193E+00	0.681393E-01
0.542240E+01	0.706885E-01	0.662029E-01
0.542513E+01	0.247921E+00	0.662003E-01
0.542787E+01	0.833837E-01	0.681930E-01
0.543060E+01	0.182538E+00	0.685024E-01
0.543334E+01	0.146584E+00	0.666672E-01
0.543607E+01	0.114655E+00	0.675814E-01
0.543881E+01	0.244167E+00	0.680987E-01
0.544155E+01	0.225143E+00	0.670286E-01
0.544428E+01	0.983663E-01	0.676835E-01
0.544702E+01	0.182112E+00	0.678444E-01
0.544975E+01	0.248979E+00	0.674210E-01
0.545249E+01	0.160552E+00	0.668952E-01
0.545522E+01	0.190549E+00	0.670786E-01
0.545796E+01	0.194282E+00	0.681184E-01
0.546069E+01	0.200378E+00	0.672286E-01
0.546343E+01	0.237184E+00	0.681815E-01
0.546616E+01	0.171987E+00	0.667723E-01
0.546890E+01	0.190019E+00	0.668633E-01
0.547163E+01	0.212733E+00	0.671360E-01
0.547437E+01	0.149792E+00	0.676979E-01
0.547710E+01	0.236349E+00	0.684155E-01
0.547984E+01	0.204640E+00	0.680178E-01
0.548257E+01	0.269320E+00	0.699648E-01
0.548531E+01	0.270084E+00	0.682294E-01
0.548804E+01	0.421769E-01	0.667216E-01
0.549078E+01	0.238669E+00	0.692294E-01
0.549351E+01	0.265486E+00	0.675092E-01
0.549625E+01	0.195221E+00	0.699854E-01
0.549898E+01	0.201069E+00	0.674681E-01
0.550172E+01	0.334143E+00	0.665512E-01
0.550445E+01	0.263313E+00	0.667395E-01
0.550719E+01	0.178003E+00	0.683853E-01
0.550992E+01	0.177947E+00	0.680653E-01
0.551266E+01	0.178088E+00	0.691675E-01
0.551539E+01	0.210268E+00	0.706079E-01
0.551813E+01	0.238878E+00	0.683410E-01
0.552086E+01	0.270911E+00	0.681204E-01
0.552360E+01	0.274322E+00	0.684572E-01
0.552633E+01	0.166348E+00	0.668005E-01
0.552907E+01	0.214382E+00	0.782555E-01
0.553180E+01	0.244592E+00	0.829667E-01
0.553454E+01	0.236627E+00	0.894265E-01
0.553727E+01	0.404768E-01	0.784413E-01
0.554001E+01	0.208547E+00	0.728830E-01
0.554274E+01	0.217399E+00	0.744140E-01
0.554548E+01	0.187486E+00	0.687699E-01
0.554821E+01	0.152086E+00	0.699160E-01
0.555095E+01	0.211901E+00	0.706279E-01
0.555368E+01	0.104323E+00	0.705940E-01
0.555642E+01	0.115399E+00	0.700692E-01
0.555915E+01	0.252796E+00	0.700637E-01
0.556189E+01	0.120383E+00	0.703115E-01
0.556462E+01	0.259194E+00	0.694795E-01
0.556736E+01	0.119797E+00	0.710602E-01
0.557009E+01	0.113821E+00	0.699933E-01
0.557283E+01	0.245839E+00	0.704248E-01
0.557556E+01	0.257811E+00	0.710402E-01
0.557830E+01	0.178923E+00	0.683648E-01
0.558103E+01	0.214024E+00	0.715923E-01
0.558377E+01	0.229082E+00	0.703678E-01
0.558650E+01	0.216242E+00	0.682834E-01
0.558924E+01	0.175243E+00	0.696512E-01
0.559197E+01	0.224037E+00	0.676872E-01
0.559471E+01	0.166172E+00	0.670673E-01
0.559744E+01	0.201516E+00	0.678652E-01
0.560018E+01	0.202537E+00	0.664972E-01
0.560292E+01	0.189072E+00	0.677973E-01
0.560565E+01	-0.592876E-02	0.693524E-01
0.560839E+01	0.143059E+00	0.677215E-01
0.561112E+01	0.246430E+00	0.689008E-01
0.561386E+01	0.173670E+00	0.690905E-01
0.561659E+01	0.233528E+00	0.670312E-01
0.561933E+01	0.110143E+00	0.680933E-01
0.562206E+01	0.234007E+00	0.676548E-01
0.562480E+01	0.190250E+00	0.658024E-01
0.562753E+01	0.100825E+00	0.671039E-01
0.563027E+01	0.114257E+00	0.668478E-01
0.563300E+01	0.261047E+00	0.676065E-01
0.563574E+01	0.187457E+00	0.684127E-01
0.563847E+01	0.221262E+00	0.687116E-01
0.564121E+01	0.302612E+00	0.693653E-01
0.564394E+01	0.237889E+00	0.680777E-01
0.564668E+01	0.225323E+00	0.685827E-01
0.564941E+01	0.227965E+00	0.693608E-01
0.565215E+01	0.200577E+00	0.682506E-01
0.565488E+01	0.116069E+00	0.674523E-01
0.565762E+01	0.182775E+00	0.675523E-01
0.566035E+01	0.228732E+00	0.671179E-01
0.566309E+01	0.128721E+00	0.693387E-01
0.566582E+01	0.167097E+00	0.696864E-01
0.566856E+01	0.113872E+00	0.684882E-01
0.567129E+01	0.194383E+00	0.661985E-01
0.567403E+01	0.171730E+00	0.674326E-01
0.567676E+01	0.256831E+00	0.688874E-01
0.567950E+01	0.174557E+00	0.685237E-01
0.568223E+01	0.220634E+00	0.665229E-01
0.568497E+01	0.241271E+00	0.681638E-01
0.568770E+01	0.158895E+00	0.676043E-01
0.569044E+01	0.225417E+00	0.676031E-01
0.569317E+01	0.229190E+00	0.652536E-01
0.569591E+01	0.134735E+00	0.687349E-01
0.569864E+01	0.275014E+00	0.694153E-01
0.570138E+01	0.219099E+00	0.679635E-01
0.570411E+01	0.157233E+00	0.683363E-01
0.570685E+01	0.158904E+00	0.685181E-01
0.570958E+01	0.177825E+00	0.689408E-01
0.571232E+01	0.165690E+00	0.687878E-01
0.571505E+01	0.210766E+00	0.670269E-01
0.571779E+01	0.206471E+00	0.686759E-01
0.572052E+01	0.152476E+00	0.677514E-01
0.572326E+01	0.239813E+00	0.686826E-01
0.572599E+01	0.625158E-01	0.663037E-01
0.572873E+01	0.143039E+00	0.674939E-01
0.573146E+01	0.330946E+00	0.678041E-01
0.573420E+01	0.154956E+00	0.694766E-01
0.573693E+01	0.197045E+00	0.690407E-01
0.573967E+01	0.202273E+00	0.682779E-01
0.574240E+01	0.238993E+00	0.695365E-01
0.574514E+01	0.122924E+00	0.697846E-01
0.574787E+01	0.285363E+00	0.680643E-01
0.575061E+01	0.163617E+00	0.689113E-01
0.575334E+01	0.274612E+00	0.694335E-01
0.575608E+01	0.103103E+00	0.668755E-01
0.575882E+01	0.188031E+00	0.696832E-01
0.576155E+01	0.204714E+00	0.700379E-01
0.576429E+01	0.234116E+00	0.697428E-01
0.576702E+01	0.156860E+00	0.677188E-01
0.576976E+01	0.805342E-01	0.673528E-01
0.577249E+01	0.222913E+00	0.691703E-01
0.577523E+01	0.280935E+00	0.688277E-01
0.577796E+01	0.142323E+00	0.685921E-01
0.578070E+01	0.216470E+00	0.683080E-01
0.578343E+01	0.650103E-01	0.692466E-01
0.578617E+01	0.885292E-01	0.712602E-01
0.578890E+01	0.153756E+00	0.700078E-01
0.579164E+01	0.181568E+00	0.681038E-01
0.579437E+01	0.187073E+00	0.678910E-01
0.579711E+01	0.228556E+00	0.691068E-01
0.579984E+01	0.153429E+00	0.686759E-01
0.580258E+01	0.884833E-01	0.680779E-01
0.580531E+01	0.222106E+00	0.680059E-01
0.580805E+01	0.289943E+00	0.691124E-01
0.581078E+01	0.144759E+00	0.692888E-01
0.581352E+01	0.154434E+00	0.696119E-01
0.581625E+01	0.119400E+00	0.686846E-01
0.581899E+01	0.164283E+00	0.684339E-01
0.582172E+01	0.130529E+00	0.702175E-01
0.582446E+01	0.169596E+00	0.696165E-01
0.582719E+01	0.126086E+00	0.690073E-01
0.582993E+01	0.868144E-01	0.689948E-01
0.583266E+01	0.185885E+00	0.695189E-01
0.583540E+01	0.736414E-01	0.708300E-01
0.583813E+01	0.126978E+00	0.681499E-01
0.584087E+01	0.213393E+00	0.698436E-01
0.584360E+01	0.157255E+00	0.692591E-01
0.584634E+01	0.168120E+00	0.677139E-01
0.584907E+01	0.214967E+00	0.703818E-01
0.585181E+01	0.193682E+00	0.693793E-01
0.585454E+01	0.136778E+00	0.702842E-01
0.585728E+01	0.213777E+00	0.688788E-01
0.586001E+01	0.217873E+00	0.698969E-01
0.586275E+01	0.202392E+00	0.674709E-01
0.586548E+01	0.254479E+00	0.673070E-01
0.586822E+01	0.183365E+00	0.700431E-01
0.587095E+01	0.245501E+00	0.693705E-01
0.587369E+01	0.194269E+00	0.678609E-01
0.587642E+01	0.193400E+00	0.697676E-01
0.587916E+01	0.231538E+00	0.680742E-01
0.588189E+01	0.238151E+00	0.701947E-01
0.588463E+01	0.210478E+00	0.688676E-01
0.588736E+01	0.137118E+00	0.685883E-01
0.589010E+01	0.258040E+00	0.707011E-01
0.589283E+01	0.694985E-01	0.711573E-01
0.589557E+01	0.140809E+00	0.687976E-01
0.589830E+01	0.188223E+00	0.685025E-01
0.590104E+01	0.134025E+00	0.708269E-01
0.590377E+01	0.225558E+00	0.672620E-01
0.590651E+01	0.167045E+00	0.703670E-01
0.590924E+01	0.199475E+00	0.679915E-01
0.591198E+01	0.276506E+00	0.671729E-01
0.591471E+01	0.172078E+00	0.687503E-01
0.591745E+01	0.256746E+00	0.691373E-01
0.592019E+01	0.161692E+00	0.720399E-01
0.592292E+01	0.259048E+00	0.696969E-01
0.592566E+01	0.165978E+00	0.684972E-01
0.592839E+01	0.220175E+00	0.695067E-01
0.593113E+01	0.184227E+00	0.709340E-01
0.593386E+01	0.126807E+00	0.697149E-01
0.593660E+01	0.166250E+00	0.701170E-01
0.593933E+01	0.925189E-01	0.668239E-01
0.594207E+01	0.128795E+00	0.696932E-01
0.594480E+01	0.163172E+00	0.674523E-01
0.594754E+01	0.172303E+00	0.684919E-01
0.595027E+01	0.776531E-01	0.721480E-01
0.595301E+01	0.123151E+00	0.687304E-01
0.595574E+01	0.112463E+00	0.724665E-01
0.595848E+01	0.146374E+00	0.710057E-01
0.596121E+01	0.164711E+00	0.725300E-01
0.596395E+01	0.415849E-01	0.724644E-01
0.596668E+01	0.246013E+00	0.741447E-01
0.596942E+01	0.847241E-01	0.746148E-01
0.597215E+01	0.133265E+00	0.814155E-01
0.597489E+01	0.247812E+00	0.899561E-01
0.597762E+01	0.341749E-01	0.102614E+00
0.598036E+01	0.197619E+00	0.102010E+00
0.598309E+01	0.136850E+00	0.105285E+00
0.598583E+01	0.791169E-01	0.109796E+00
0.598856E+01	0.171210E+00	0.114024E+00
0.599130E+01	0.429491E-01	0.132411E+00
0.599403E+01	0.117685E+00	0.138793E+00
0.599677E+01	0.153835E+00	0.135898E+00
0.599950E+01	0.126070E-01	0.139832E+00
0.600224E+01	0.224941E+00	0.155260E+00
0.600497E+01	0.932677E-01	0.155423E+00
0.600771E+01	-0.803424E-01	0.170874E+00
0.601044E+01	0.194153E+00	0.179407E+00
0.601318E+01	0.157458E+00	0.213955E+00
0.601591E+01	0.215519E+00	0.229713E+00
0.601865E+01	0.842478E-01	0.283792E+00
0.602138E+01	0.212153E+00	0.366655E+00
0.602412E+01	-0.259443E+00	0.619127E+00
